position,TerrainHeight,Sun Visibility 60m,Polar Winter Min Temp,lon,lat
0,1285.87,0.3886,57.266827,42.894973,-89.90475
0.002864,1285.820957,0.3886,57.266827,42.91689,-89.904663
0.005728,1285.800692,0.3886,57.266827,42.938766,-89.904576
0.008593,1285.780601,0.3886,57.266827,42.960603,-89.904489
0.011457,1285.780699,0.3886,57.266827,42.9824,-89.904401
0.014321,1285.79,0.37492,57.266827,43.004157,-89.904314
0.017185,1285.81,0.37492,57.266827,43.025875,-89.904227
0.020049,1285.840768,0.37492,57.266827,43.047553,-89.90414
0.022913,1285.87,0.37492,57.266827,43.069192,-89.904053
0.025778,1285.921303,0.37492,57.266827,43.090791,-89.903965
0.028642,1285.97118,0.37492,57.266827,43.112351,-89.903878
0.031506,1286.021191,0.37492,57.266827,43.133872,-89.903791
0.03437,1286.07,0.37492,57.266827,43.155354,-89.903703
0.037234,1286.13,0.37492,57.266827,43.176797,-89.903616
0.040099,1286.21,0.37492,57.266827,43.198202,-89.903529
0.042963,1286.300657,0.37492,57.266827,43.219567,-89.903441
0.045827,1286.41,0.37492,57.266827,43.240894,-89.903354
0.048691,1286.54,0.37492,57.266827,43.262183,-89.903267
0.051555,1286.68,0.37492,57.266827,43.283433,-89.903179
0.054419,1286.8,0.37492,57.266827,43.304644,-89.903092
0.057284,1286.91,0.37492,57.266827,43.325818,-89.903005
0.060148,1287,0.37492,57.266827,43.346953,-89.902917
0.063012,1287.071292,0.37492,57.266827,43.368051,-89.90283
0.065876,1287.141137,0.37492,57.266827,43.38911,-89.902742
0.06874,1287.250877,0.37492,57.266827,43.410132,-89.902655
0.071605,1287.481154,0.37492,57.266827,43.431115,-89.902567
0.074469,1287.831811,0.37492,57.266827,43.452062,-89.90248
0.077333,1288.2,0.37492,57.266827,43.47297,-89.902393
0.080197,1288.550266,0.34548,57.266827,43.493842,-89.902305
0.083061,1288.88,0.34548,57.266827,43.514675,-89.902217
0.085925,1289.17,0.34548,57.266827,43.535472,-89.90213
0.08879,1289.41,0.34548,57.266827,43.556231,-89.902042
0.091654,1289.600472,0.34548,57.266827,43.576954,-89.901955
0.094518,1289.78,0.34548,57.266827,43.597639,-89.901867
0.097382,1289.960544,0.34548,57.266827,43.618288,-89.90178
0.100246,1290.14,0.34548,57.266827,43.638899,-89.901692
0.103111,1290.31,0.34548,57.266827,43.659474,-89.901605
0.105975,1290.45,0.34548,57.266827,43.680013,-89.901517
0.108839,1290.58,0.4024,62.267452,43.700514,-89.901429
0.111703,1290.66,0.4024,62.267452,43.72098,-89.901342
0.114567,1290.77,0.4024,62.267452,43.741409,-89.901254
0.117431,1291.01,0.4024,62.267452,43.761802,-89.901166
0.120296,1291.261992,0.4024,62.267452,43.782159,-89.901079
0.12316,1291.48,0.4024,62.267452,43.802479,-89.900991
0.126024,1291.68,0.4024,62.267452,43.822764,-89.900903
0.128888,1291.87,0.4024,62.267452,43.843013,-89.900816
0.131752,1292.09094,0.4024,62.267452,43.863226,-89.900728
0.134616,1292.301538,0.4024,62.267452,43.883403,-89.90064
0.137481,1292.5,0.4024,62.267452,43.903545,-89.900552
0.140345,1292.66086,0.4024,62.267452,43.923651,-89.900465
0.143209,1292.870355,0.4024,62.267452,43.943722,-89.900377
0.146073,1293.101068,0.39552,62.267452,43.963757,-89.900289
0.148937,1293.291483,0.39552,62.267452,43.983758,-89.900201
0.151802,1293.451891,0.39552,62.267452,44.003723,-89.900113
0.154666,1293.581033,0.39552,62.267452,44.023653,-89.900026
0.15753,1293.701148,0.39552,62.267452,44.043548,-89.899938
0.160394,1293.810962,0.39552,62.267452,44.063408,-89.89985
0.163258,1293.91,0.39552,62.267452,44.083233,-89.899762
0.166122,1294.091028,0.39552,62.267452,44.103023,-89.899674
0.168987,1294.281807,0.39552,62.267452,44.122779,-89.899586
0.171851,1294.43,0.39552,62.267452,44.142501,-89.899498
0.174715,1294.572168,0.39552,62.267452,44.162188,-89.89941
0.177579,1294.781629,0.39552,62.267452,44.18184,-89.899323
0.180443,1295.141138,0.39552,62.267452,44.201458,-89.899235
0.183308,1295.581643,0.39552,62.267452,44.221042,-89.899147
0.186172,1296.06,0.39552,62.267452,44.240592,-89.899059
0.189036,1296.532702,0.39552,62.267452,44.260108,-89.898971
0.1919,1296.942175,0.39552,62.267452,44.27959,-89.898883
0.194764,1297.281128,0.39552,62.267452,44.299038,-89.898795
0.197628,1297.592741,0.39552,62.267452,44.318452,-89.898707
0.200493,1297.88,0.39552,62.267452,44.337832,-89.898619
0.203357,1298.170526,0.39552,62.267452,44.357179,-89.898531
0.206221,1298.440995,0.39552,62.267452,44.376493,-89.898443
0.209085,1298.71,0.39552,62.267452,44.395772,-89.898355
0.211949,1298.951773,0.39984,56.902275,44.415019,-89.898267
0.214814,1299.190109,0.39984,56.902275,44.434232,-89.898178
0.217678,1299.4,0.39984,56.902275,44.453412,-89.89809
0.220542,1299.59,0.39984,56.902275,44.472559,-89.898002
0.223406,1299.76095,0.39984,56.902275,44.491673,-89.897914
0.22627,1299.902497,0.39984,56.902275,44.510754,-89.897826
0.229134,1300.02,0.39984,56.902275,44.529801,-89.897738
0.231999,1300.15,0.39984,56.902275,44.548817,-89.89765
0.234863,1300.3,0.39984,56.902275,44.567799,-89.897562
0.237727,1300.452394,0.39984,56.902275,44.586749,-89.897473
0.240591,1300.59268,0.39984,56.902275,44.605666,-89.897385
0.243455,1300.69,0.39984,56.902275,44.624551,-89.897297
0.24632,1300.76,0.39984,56.902275,44.643403,-89.897209
0.249184,1300.81,0.39984,56.902275,44.662223,-89.897121
0.252048,1300.861481,0.39984,56.902275,44.681011,-89.897032
0.254912,1300.923446,0.389,56.902275,44.699766,-89.896944
0.257776,1301.01,0.389,56.902275,44.71849,-89.896856
0.26064,1301.12,0.389,56.902275,44.737181,-89.896768
0.263505,1301.25251,0.389,56.902275,44.755841,-89.896679
0.266369,1301.412955,0.389,56.902275,44.774469,-89.896591
0.269233,1301.591574,0.389,56.902275,44.793064,-89.896503
0.272097,1301.77165,0.389,56.902275,44.811629,-89.896415
0.274961,1301.953508,0.389,56.902275,44.830161,-89.896326
0.277826,1302.12,0.38596,56.902275,44.848662,-89.896238
0.28069,1302.271119,0.38596,56.902275,44.867132,-89.89615
0.283554,1302.38,0.38596,56.902275,44.88557,-89.896061
0.286418,1302.411761,0.38596,56.902275,44.903977,-89.895973
0.289282,1302.412673,0.38596,56.902275,44.922353,-89.895885
0.292146,1302.402123,0.38596,56.902275,44.940697,-89.895796
0.295011,1302.411899,0.38596,56.902275,44.95901,-89.895708
0.297875,1302.432186,0.38596,56.902275,44.977293,-89.895619
0.300739,1302.452092,0.38596,56.902275,44.995544,-89.895531
0.303603,1302.492955,0.38596,56.902275,45.013765,-89.895443
0.306467,1302.53,0.38596,56.902275,45.031954,-89.895354
0.309332,1302.5822,0.38596,56.902275,45.050113,-89.895266
0.312196,1302.63,0.38596,56.902275,45.068242,-89.895177
0.31506,1302.68,0.38596,56.902275,45.08634,-89.895089
0.317924,1302.741466,0.38596,56.902275,45.104407,-89.895
0.320788,1302.81,0.38596,56.902275,45.122444,-89.894912
0.323652,1302.89,0.38596,56.902275,45.14045,-89.894823
0.326517,1303,0.38596,56.902275,45.158427,-89.894735
0.329381,1303.13,0.38596,56.902275,45.176373,-89.894646
0.332245,1303.29,0.38596,56.902275,45.194289,-89.894558
0.335109,1303.371857,0.38596,56.902275,45.212175,-89.894469
0.337973,1303.33,0.38596,56.902275,45.230031,-89.894381
0.340838,1303.31,0.38596,56.902275,45.247857,-89.894292
0.343702,1303.351445,0.33884,56.902275,45.265653,-89.894204
0.346566,1303.411487,0.33884,56.902275,45.283419,-89.894115
0.34943,1303.482422,0.33884,56.902275,45.301156,-89.894027
0.352294,1303.45,0.33884,56.902275,45.318863,-89.893938
0.355158,1303.27,0.33884,56.902275,45.33654,-89.893849
0.358023,1303.143268,0.33884,56.902275,45.354188,-89.893761
0.360887,1303.163555,0.33884,56.902275,45.371807,-89.893672
0.363751,1303.28,0.33884,56.902275,45.389396,-89.893584
0.366615,1303.43,0.33884,56.902275,45.406956,-89.893495
0.369479,1303.49,0.33884,56.902275,45.424487,-89.893406
0.372344,1303.403467,0.33884,56.902275,45.441989,-89.893318
0.375208,1303.251079,0.33884,56.902275,45.459461,-89.893229
0.378072,1303.04,0.33884,56.902275,45.476905,-89.89314
0.380936,1302.75,0.33884,56.902275,45.494319,-89.893052
0.3838,1302.46,0.33884,56.902275,45.511705,-89.892963
0.386664,1302.300659,0.33884,56.902275,45.529062,-89.892874
0.389529,1302.21013,0.33884,56.902275,45.546391,-89.892785
0.392393,1302.160867,0.33884,56.902275,45.56369,-89.892697
0.395257,1302.13,0.33884,56.902275,45.580961,-89.892608
0.398121,1302.1115,0.33884,56.902275,45.598204,-89.892519
0.400985,1302.09,0.38884,56.902275,45.615418,-89.89243
0.403849,1302.070827,0.38884,56.902275,45.632603,-89.892342
0.406714,1302.05,0.38884,56.902275,45.649761,-89.892253
0.409578,1302.102231,0.37192,56.902275,45.66689,-89.892164
0.412442,1302.21,0.37192,56.902275,45.683991,-89.892075
0.415306,1302.4,0.37192,56.902275,45.701063,-89.891987
0.41817,1302.761449,0.37192,56.902275,45.718108,-89.891898
0.421035,1303.21,0.37192,56.902275,45.735125,-89.891809
0.423899,1303.680132,0.37192,56.902275,45.752114,-89.89172
0.426763,1304.12,0.37192,56.902275,45.769075,-89.891631
0.429627,1304.530615,0.37192,56.902275,45.786008,-89.891542
0.432491,1304.91,0.37192,56.902275,45.802913,-89.891454
0.435355,1305.26192,0.37192,56.902275,45.819791,-89.891365
0.43822,1305.59184,0.37192,56.902275,45.836641,-89.891276
0.441084,1305.93,0.37192,56.902275,45.853464,-89.891187
0.443948,1306.2721,0.37192,56.902275,45.870259,-89.891098
0.446812,1306.651896,0.37192,56.902275,45.887027,-89.891009
0.449676,1307.09,0.37192,56.902275,45.903768,-89.89092
0.452541,1307.54,0.37192,56.902275,45.920481,-89.890831
0.455405,1307.841492,0.37192,56.902275,45.937167,-89.890742
0.458269,1307.902493,0.37192,56.902275,45.953826,-89.890653
0.461133,1307.862393,0.37192,56.902275,45.970457,-89.890564
0.463997,1307.902216,0.37192,56.902275,45.987062,-89.890475
0.466861,1307.982421,0.37192,56.902275,46.00364,-89.890386
0.469726,1308.13,0.37192,56.902275,46.020191,-89.890297
0.47259,1308.261347,0.37192,56.902275,46.036715,-89.890208
0.475454,1308.14179,0.38284,55.037014,46.053212,-89.890119
0.478318,1307.993093,0.38284,55.037014,46.069683,-89.89003
0.481182,1307.772823,0.38284,55.037014,46.086127,-89.889941
0.484047,1307.56,0.38284,55.037014,46.102544,-89.889852
0.486911,1307.37,0.38284,55.037014,46.118935,-89.889763
0.489775,1307.262155,0.38284,55.037014,46.135299,-89.889674
0.492639,1307.211444,0.38284,55.037014,46.151637,-89.889585
0.495503,1307.06,0.38284,55.037014,46.167949,-89.889496
0.498367,1306.893591,0.38284,55.037014,46.184235,-89.889407
0.501232,1306.642798,0.38284,55.037014,46.200494,-89.889318
0.504096,1306.32,0.38284,55.037014,46.216727,-89.889229
0.50696,1306.05,0.38284,55.037014,46.232934,-89.88914
0.509824,1305.81,0.38284,55.037014,46.249115,-89.889051
0.512688,1305.62,0.38284,55.037014,46.26527,-89.888962
0.515553,1305.46,0.38284,55.037014,46.281399,-89.888872
0.518417,1305.332441,0.38284,55.037014,46.297502,-89.888783
0.521281,1305.2321,0.38284,55.037014,46.313579,-89.888694
0.524145,1305.15,0.38284,55.037014,46.329631,-89.888605
0.527009,1305.08,0.38284,55.037014,46.345657,-89.888516
0.529873,1305.042785,0.38284,55.037014,46.361657,-89.888427
0.532738,1305,0.38284,55.037014,46.377632,-89.888337
0.535602,1304.961738,0.38284,55.037014,46.393581,-89.888248
0.538466,1304.941025,0.38284,55.037014,46.409505,-89.888159
0.54133,1304.922387,0.36168,55.037014,46.425403,-89.88807
0.544194,1304.91,0.37516,55.037014,46.441277,-89.887981
0.547059,1304.9,0.37516,55.037014,46.457124,-89.887891
0.549923,1304.901954,0.37516,55.037014,46.472947,-89.887802
0.552787,1304.91,0.37516,55.037014,46.488745,-89.887713
0.555651,1304.93,0.37516,55.037014,46.504517,-89.887624
0.558515,1304.96,0.37516,55.037014,46.520265,-89.887534
0.561379,1304.99,0.37516,55.037014,46.535987,-89.887445
0.564244,1305.04,0.37516,55.037014,46.551684,-89.887356
0.567108,1305.1,0.37516,55.037014,46.567357,-89.887267
0.569972,1305.191208,0.37516,55.037014,46.583005,-89.887177
0.572836,1305.320611,0.37516,55.037014,46.598628,-89.887088
0.5757,1305.480152,0.37516,55.037014,46.614226,-89.886999
0.578565,1305.670039,0.37516,55.037014,46.6298,-89.886909
0.581429,1305.880068,0.37516,55.037014,46.645349,-89.88682
0.584293,1305.85,0.37516,55.037014,46.660874,-89.886731
0.587157,1305.740441,0.37516,55.037014,46.676374,-89.886641
0.590021,1305.64,0.37516,55.037014,46.69185,-89.886552
0.592885,1305.55,0.37516,55.037014,46.707301,-89.886463
0.59575,1305.52,0.37516,55.037014,46.722728,-89.886373
0.598614,1305.5,0.37516,55.037014,46.738131,-89.886284
0.601478,1305.520542,0.37516,55.037014,46.75351,-89.886195
0.604342,1305.560402,0.37516,55.037014,46.768865,-89.886105
0.607206,1305.620452,0.35484,55.037014,46.784195,-89.886016
0.610071,1305.7,0.35484,55.037014,46.799501,-89.885926
0.612935,1305.810122,0.35484,55.037014,46.814784,-89.885837
0.615799,1305.95,0.35484,55.037014,46.830042,-89.885748
0.618663,1306.119863,0.35484,55.037014,46.845277,-89.885658
0.621527,1306.359755,0.35484,55.037014,46.860488,-89.885569
0.624391,1306.649773,0.35484,55.037014,46.875675,-89.885479
0.627256,1306.98,0.35484,55.037014,46.890838,-89.88539
0.63012,1307.38,0.35484,55.037014,46.905978,-89.8853
0.632984,1307.81,0.35484,55.037014,46.921094,-89.885211
0.635848,1308.29,0.35484,55.037014,46.936187,-89.885121
0.638712,1308.78,0.35484,55.037014,46.951256,-89.885032
0.641577,1309.23,0.35484,55.037014,46.966301,-89.884942
0.644441,1309.520294,0.35484,55.037014,46.981324,-89.884853
0.647305,1309.82,0.35484,55.037014,46.996322,-89.884763
0.650169,1310.14,0.35484,55.037014,47.011298,-89.884674
0.653033,1310.47,0.35484,55.037014,47.02625,-89.884584
0.655897,1310.830041,0.35484,55.037014,47.04118,-89.884495
0.658762,1311.21,0.35484,55.037014,47.056086,-89.884405
0.661626,1311.62,0.35484,55.037014,47.070969,-89.884316
0.66449,1312.059945,0.35484,55.037014,47.085829,-89.884226
0.667354,1312.509885,0.35484,55.037014,47.100666,-89.884137
0.670218,1312.98,0.35484,55.037014,47.11548,-89.884047
0.673082,1313.46,0.40312,55.037014,47.130271,-89.883957
0.675947,1313.899381,0.40312,55.037014,47.145039,-89.883868
0.678811,1314.269837,0.40312,55.037014,47.159785,-89.883778
0.681675,1314.580326,0.40312,55.037014,47.174508,-89.883689
0.684539,1314.85,0.40312,55.037014,47.189208,-89.883599
0.687403,1315.02,0.40312,55.037014,47.203886,-89.883509
0.690268,1315.080839,0.39084,54.183838,47.218541,-89.88342
0.693132,1314.98,0.39084,54.183838,47.233173,-89.88333
0.695996,1314.82,0.39084,54.183838,47.247783,-89.88324
0.69886,1314.71008,0.39084,54.183838,47.262371,-89.883151
0.701724,1314.620131,0.39084,54.183838,47.276936,-89.883061
0.704588,1314.559881,0.39084,54.183838,47.291479,-89.882972
0.707453,1314.529923,0.39084,54.183838,47.306,-89.882882
0.710317,1314.409394,0.39084,54.183838,47.320498,-89.882792
0.713181,1314.228866,0.39084,54.183838,47.334975,-89.882702
0.716045,1314,0.39084,54.183838,47.349429,-89.882613
0.718909,1313.759359,0.39084,54.183838,47.363861,-89.882523
0.721774,1313.499892,0.39084,54.183838,47.378271,-89.882433
0.724638,1313.260327,0.39084,54.183838,47.392659,-89.882344
0.727502,1313.07,0.39084,54.183838,47.407025,-89.882254
0.730366,1312.890742,0.39084,54.183838,47.42137,-89.882164
0.73323,1312.75,0.39084,54.183838,47.435692,-89.882074
0.736094,1312.59,0.39084,53.895317,47.449993,-89.881985
0.738959,1312.42,0.36088,53.895317,47.464272,-89.881895
0.741823,1312.28,0.36088,53.895317,47.478529,-89.881805
0.744687,1312.17,0.36088,53.895317,47.492765,-89.881715
0.747551,1312.08,0.36088,53.895317,47.506979,-89.881626
0.750415,1312.02,0.36088,53.895317,47.521171,-89.881536
0.75328,1311.98,0.36088,53.895317,47.535342,-89.881446
0.756144,1311.97,0.36088,53.895317,47.549492,-89.881356
0.759008,1311.98,0.36088,53.895317,47.56362,-89.881266
0.761872,1312.01,0.36088,53.895317,47.577726,-89.881177
0.764736,1312.020822,0.36088,53.895317,47.591812,-89.881087
0.7676,1312.02,0.36088,53.895317,47.605876,-89.880997
0.770465,1312.17172,0.36088,53.895317,47.619919,-89.880907
0.773329,1312.34,0.36088,53.895317,47.633941,-89.880817
0.776193,1312.5,0.36088,53.895317,47.647942,-89.880727
0.779057,1312.64,0.36088,53.895317,47.661921,-89.880638
0.781921,1312.77,0.36088,53.895317,47.67588,-89.880548
0.784786,1312.89,0.36088,53.895317,47.689817,-89.880458
0.78765,1313,0.36088,53.895317,47.703734,-89.880368
0.790514,1313.12,0.36088,53.895317,47.71763,-89.880278
0.793378,1313.281108,0.36088,53.895317,47.731505,-89.880188
0.796242,1313.472211,0.36088,53.895317,47.745359,-89.880098
0.799106,1313.681441,0.36088,53.895317,47.759192,-89.880008
0.801971,1313.890895,0.36088,53.895317,47.773005,-89.879918
0.804835,1314.090757,0.38752,53.895317,47.786797,-89.879829
0.807699,1314.29,0.38752,53.895317,47.800568,-89.879739
0.810563,1314.481802,0.38752,53.895317,47.814319,-89.879649
0.813427,1314.67,0.38752,53.895317,47.828049,-89.879559
0.816292,1314.86,0.38752,53.895317,47.841759,-89.879469
0.819156,1315.071269,0.38752,53.895317,47.855448,-89.879379
0.82202,1315.32,0.38752,53.895317,47.869117,-89.879289
0.824884,1315.540694,0.38752,53.895317,47.882765,-89.879199
0.827748,1315.72,0.38752,53.895317,47.896394,-89.879109
0.830612,1315.892343,0.38752,53.895317,47.910001,-89.879019
0.833477,1316.050474,0.38752,53.895317,47.923589,-89.878929
0.836341,1316.22,0.37476,53.895317,47.937157,-89.878839
0.839205,1316.392216,0.37476,53.895317,47.950704,-89.878749
0.842069,1316.561422,0.37476,53.895317,47.964231,-89.878659
0.844933,1316.721701,0.37476,53.895317,47.977738,-89.878569
0.847798,1316.912462,0.37476,53.895317,47.991226,-89.878479
0.850662,1317.102357,0.37476,53.895317,48.004693,-89.878389
0.853526,1317.23,0.37476,53.895317,48.01814,-89.878299
0.85639,1317.29,0.37476,53.895317,48.031568,-89.878209
0.859254,1317.33,0.37476,53.895317,48.044975,-89.878119
0.862118,1317.35,0.37476,53.895317,48.058363,-89.878029
0.864983,1317.39,0.37476,53.895317,48.071731,-89.877939
0.867847,1317.411818,0.37476,53.895317,48.085079,-89.877849
0.870711,1317.563431,0.37276,53.895317,48.098408,-89.877759
0.873575,1317.712022,0.37276,53.895317,48.111717,-89.877668
0.876439,1317.790873,0.37276,53.895317,48.125006,-89.877578
0.879304,1317.81,0.37276,53.895317,48.138276,-89.877488
0.882168,1317.78,0.37276,53.895317,48.151527,-89.877398
0.885032,1317.69112,0.37276,53.895317,48.164758,-89.877308
0.887896,1317.6,0.37276,53.895317,48.177969,-89.877218
0.89076,1317.59,0.37276,53.895317,48.191161,-89.877128
0.893624,1317.732629,0.37276,53.895317,48.204334,-89.877038
0.896489,1317.89,0.37276,53.895317,48.217488,-89.876948
0.899353,1318.05,0.37276,53.895317,48.230622,-89.876857
0.902217,1317.991667,0.37276,53.895317,48.243737,-89.876767
0.905081,1317.892235,0.37276,53.895317,48.256833,-89.876677
0.907945,1317.79,0.37276,53.895317,48.269909,-89.876587
0.91081,1317.702399,0.37276,53.895317,48.282967,-89.876497
0.913674,1317.67,0.37276,53.895317,48.296006,-89.876407
0.916538,1317.703594,0.37276,53.895317,48.309025,-89.876316
0.919402,1317.740938,0.37276,53.895317,48.322026,-89.876226
0.922266,1317.781371,0.37276,53.895317,48.335007,-89.876136
0.92513,1317.822331,0.37276,53.895317,48.34797,-89.876046
0.927995,1317.85,0.37276,53.895317,48.360914,-89.875956
0.930859,1317.87,0.37276,53.895317,48.373839,-89.875865
0.933723,1317.93,0.37276,53.895317,48.386745,-89.875775
0.936587,1318.150854,0.355,53.895317,48.399633,-89.875685
0.939451,1318.381136,0.355,53.895317,48.412502,-89.875595
0.942315,1318.62,0.355,53.895317,48.425352,-89.875505
0.94518,1318.85,0.355,53.895317,48.438184,-89.875414
0.948044,1319.080776,0.355,53.895317,48.450997,-89.875324
0.950908,1319.322167,0.355,53.895317,48.463791,-89.875234
0.953772,1319.581718,0.355,53.895317,48.476567,-89.875144
0.956636,1319.851637,0.355,53.895317,48.489325,-89.875053
0.959501,1320.111799,0.355,53.895317,48.502064,-89.874963
0.962365,1320.34,0.355,53.895317,48.514785,-89.874873
0.965229,1320.52,0.355,53.895317,48.527487,-89.874782
0.968093,1320.641959,0.355,53.895317,48.540171,-89.874692
0.970957,1320.721643,0.355,53.895317,48.552837,-89.874602
0.973821,1320.78,0.355,53.895317,48.565485,-89.874512
0.976686,1320.83145,0.355,53.895317,48.578114,-89.874421
0.97955,1320.87,0.355,53.895317,48.590725,-89.874331
0.982414,1320.91,0.34884,53.895317,48.603318,-89.874241
0.985278,1320.94,0.34884,53.895317,48.615893,-89.87415
0.988142,1320.97,0.34884,53.895317,48.62845,-89.87406
0.991007,1321,0.34884,53.895317,48.640989,-89.87397
0.993871,1321.02,0.34884,53.895317,48.65351,-89.873879
0.996735,1321.0817,0.34884,53.895317,48.666014,-89.873789
0.999599,1321.15,0.34884,53.895317,48.678499,-89.873699
1.002463,1321.220317,0.3522,56.577457,48.690966,-89.873608
1.0025,1321.221139,0.3522,56.577457,48.691124,-89.873607
1.005364,1320.807379,0.34884,53.895317,48.678657,-89.873697
1.008228,1320.747469,0.34884,53.895317,48.666173,-89.873788
1.011092,1320.718588,0.34884,53.895317,48.653671,-89.873878
1.013956,1320.678643,0.34884,53.895317,48.641151,-89.873968
1.01682,1320.648995,0.34884,53.895317,48.628613,-89.874059
1.019685,1320.607198,0.34884,53.895317,48.616056,-89.874149
1.022549,1320.567198,0.34884,53.895317,48.603482,-89.874239
1.025413,1320.537198,0.34884,53.895317,48.59089,-89.87433
1.028277,1320.497379,0.34884,53.895317,48.57828,-89.87442
1.031141,1320.46774,0.355,53.895317,48.565651,-89.87451
1.034006,1320.428102,0.355,53.895317,48.553005,-89.874601
1.03687,1320.318554,0.355,53.895317,48.54034,-89.874691
1.039734,1320.149259,0.355,53.895317,48.527656,-89.874781
1.042598,1319.88765,0.355,53.895317,48.514955,-89.874872
1.045462,1319.577469,0.355,53.895317,48.502235,-89.874962
1.048326,1319.297289,0.355,53.895317,48.489497,-89.875052
1.051191,1319.038651,0.355,53.895317,48.47674,-89.875142
1.054055,1318.777289,0.355,53.895317,48.463965,-89.875233
1.056919,1318.539411,0.355,53.895317,48.451172,-89.875323
1.059783,1318.288066,0.355,53.895317,48.438359,-89.875413
1.062647,1318.027017,0.355,53.895317,48.425529,-89.875503
1.065512,1317.757289,0.37276,53.895317,48.412679,-89.875594
1.068376,1317.538895,0.37276,53.895317,48.399811,-89.875684
1.07124,1317.468663,0.37276,53.895317,48.386925,-89.875774
1.074104,1317.429141,0.37276,53.895317,48.374019,-89.875864
1.076968,1317.386384,0.37276,53.895317,48.361095,-89.875955
1.079832,1317.358779,0.37276,53.895317,48.348152,-89.876045
1.082697,1317.326842,0.37276,53.895317,48.33519,-89.876135
1.085561,1317.296565,0.37276,53.895317,48.32221,-89.876225
1.088425,1317.296836,0.37276,53.895317,48.30921,-89.876315
1.091289,1317.327017,0.37276,53.895317,48.296191,-89.876405
1.094153,1317.420034,0.37276,53.895317,48.283154,-89.876496
1.097018,1317.506655,0.37276,53.895317,48.270097,-89.876586
1.099882,1317.626203,0.37276,53.895317,48.257021,-89.876676
1.102746,1317.616113,0.37276,53.895317,48.243926,-89.876766
1.10561,1317.516475,0.37276,53.895317,48.230812,-89.876856
1.108474,1317.389281,0.37276,53.895317,48.217679,-89.876946
1.111338,1317.259459,0.37276,53.895317,48.204527,-89.877037
1.114203,1317.218036,0.37276,53.895317,48.191355,-89.877127
1.117067,1317.286927,0.37276,53.895317,48.178164,-89.877217
1.119931,1317.377774,0.37276,53.895317,48.164953,-89.877307
1.122795,1317.436565,0.37276,53.895317,48.151723,-89.877397
1.125659,1317.439628,0.37276,53.895317,48.138474,-89.877487
1.128524,1317.346656,0.37276,53.895317,48.125205,-89.877577
1.131388,1317.087485,0.37476,53.895317,48.111916,-89.877667
1.134252,1316.948341,0.37476,53.895317,48.098608,-89.877757
1.137116,1316.936384,0.37476,53.895317,48.08528,-89.877847
1.13998,1316.976384,0.37476,53.895317,48.071933,-89.877938
1.142844,1317.028301,0.37476,53.895317,48.058566,-89.878028
1.145709,1317.036836,0.37476,53.895317,48.045179,-89.878118
1.148573,1317.00756,0.37476,53.895317,48.031772,-89.878208
1.151437,1316.857289,0.37476,53.895317,48.018346,-89.878298
1.154301,1316.589855,0.37476,53.895317,48.0049,-89.878388
1.157165,1316.369358,0.37476,53.895317,47.991433,-89.878478
1.160029,1316.196656,0.37476,53.895317,47.977947,-89.878568
1.162894,1316.018193,0.37476,53.895317,47.964441,-89.878658
1.165758,1315.840149,0.37476,53.895317,47.950915,-89.878748
1.168622,1315.666566,0.37476,53.895317,47.937368,-89.878838
1.171486,1315.506566,0.37476,53.895317,47.923802,-89.878928
1.17435,1315.357413,0.38752,53.895317,47.910215,-89.879018
1.177215,1315.196385,0.38752,53.895317,47.896608,-89.879108
1.180079,1314.96893,0.38752,53.895317,47.882981,-89.879198
1.182943,1314.708917,0.38752,53.895317,47.869333,-89.879288
1.185807,1314.527108,0.38752,53.895317,47.855665,-89.879378
1.188671,1314.359315,0.38752,53.895317,47.841977,-89.879468
1.191535,1314.20747,0.38752,53.895317,47.828268,-89.879558
1.1944,1314.029314,0.38752,53.895317,47.814539,-89.879648
1.197264,1313.847831,0.36088,53.895317,47.800789,-89.879738
1.200128,1313.638126,0.36088,53.895317,47.787019,-89.879827
1.202992,1313.409779,0.36088,53.895317,47.773228,-89.879917
1.205856,1313.167651,0.36088,53.895317,47.759416,-89.880007
1.208721,1312.959156,0.36088,53.895317,47.745584,-89.880097
1.211585,1312.809605,0.36088,53.895317,47.731731,-89.880187
1.214449,1312.729334,0.36088,53.895317,47.717857,-89.880277
1.217313,1312.627831,0.36088,53.895317,47.703962,-89.880367
1.220177,1312.527921,0.36088,53.895317,47.690047,-89.880457
1.223041,1312.408254,0.36088,53.895317,47.67611,-89.880547
1.225906,1312.280001,0.36088,53.895317,47.662152,-89.880636
1.22877,1312.148283,0.36088,53.895317,47.648174,-89.880726
1.231634,1311.998554,0.36088,53.895317,47.634174,-89.880816
1.234498,1311.899468,0.36088,53.895317,47.620153,-89.880906
1.237362,1311.848735,0.36088,53.895317,47.606111,-89.880996
1.240227,1311.819441,0.36088,53.895317,47.592048,-89.881086
1.243091,1311.808554,0.36088,53.895317,47.577964,-89.881176
1.245955,1311.808554,0.36088,53.895317,47.563858,-89.881265
1.248819,1311.828463,0.36088,53.895317,47.549731,-89.881355
1.251683,1311.859496,0.36088,53.895317,47.535582,-89.881445
1.254547,1311.919004,0.36088,53.895317,47.521412,-89.881535
1.257412,1311.999808,0.36088,53.895317,47.507221,-89.881625
1.260276,1312.098101,0.36088,53.895317,47.493008,-89.881714
1.26314,1312.22816,0.39084,53.895317,47.478773,-89.881804
1.266004,1312.37792,0.39084,54.183838,47.464517,-89.881894
1.268868,1312.53792,0.39084,54.183838,47.450239,-89.881984
1.271733,1312.718875,0.39084,54.183838,47.435939,-89.882073
1.274597,1312.939043,0.39084,54.183838,47.421618,-89.882163
1.277461,1313.158643,0.39084,54.183838,47.407275,-89.882253
1.280325,1313.449238,0.39084,54.183838,47.39291,-89.882343
1.283189,1313.749953,0.39084,54.183838,47.378523,-89.882432
1.286053,1314.090251,0.39084,54.183838,47.364114,-89.882522
1.288918,1314.371716,0.39084,54.183838,47.349682,-89.882612
1.291782,1314.580361,0.39084,54.183838,47.335229,-89.882701
1.294646,1314.590362,0.39084,54.183838,47.320754,-89.882791
1.29751,1314.559639,0.39084,54.183838,47.306257,-89.882881
1.300374,1314.559006,0.39084,54.183838,47.291737,-89.88297
1.303239,1314.588644,0.39084,54.183838,47.277195,-89.88306
1.306103,1314.648192,0.39084,54.183838,47.262631,-89.88315
1.308967,1314.729617,0.39084,54.183838,47.248044,-89.883239
1.311831,1314.779202,0.39084,54.183838,47.233435,-89.883329
1.314695,1314.758351,0.39084,54.183838,47.218804,-89.883419
1.317559,1314.688464,0.39084,54.183838,47.20415,-89.883508
1.320424,1314.549813,0.40312,55.037014,47.189473,-89.883598
1.323288,1314.340128,0.40312,55.037014,47.174774,-89.883688
1.326152,1313.990421,0.40312,55.037014,47.160052,-89.883777
1.329016,1313.520067,0.35484,55.037014,47.145308,-89.883867
1.33188,1313.020094,0.35484,55.037014,47.13054,-89.883956
1.334745,1312.529936,0.35484,55.037014,47.11575,-89.884046
1.337609,1312.049551,0.35484,55.037014,47.100937,-89.884135
1.340473,1311.589371,0.35484,55.037014,47.086101,-89.884225
1.343337,1311.169683,0.35484,55.037014,47.071242,-89.884315
1.346201,1310.77937,0.35484,55.037014,47.05636,-89.884404
1.349065,1310.429674,0.35484,55.037014,47.041455,-89.884494
1.35193,1310.09937,0.35484,55.037014,47.026527,-89.884583
1.354794,1309.77995,0.35484,55.037014,47.011576,-89.884673
1.357658,1309.469189,0.35484,55.037014,46.996601,-89.884762
1.360522,1309.078738,0.35484,55.037014,46.981604,-89.884852
1.363386,1308.639913,0.35484,55.037014,46.966582,-89.884941
1.366251,1308.199647,0.35484,55.037014,46.951538,-89.885031
1.369115,1307.759574,0.35484,55.037014,46.93647,-89.88512
1.371979,1307.339622,0.35484,55.037014,46.921378,-89.88521
1.374843,1306.959467,0.35484,55.037014,46.906263,-89.885299
1.377707,1306.62975,0.35484,55.037014,46.891125,-89.885389
1.380571,1306.32946,0.35484,55.037014,46.875962,-89.885478
1.383436,1306.099369,0.35484,55.037014,46.860776,-89.885568
1.3863,1305.899278,0.35484,55.037014,46.845567,-89.885657
1.389164,1305.739723,0.35484,55.037014,46.830333,-89.885746
1.392028,1305.609712,0.35484,55.037014,46.815076,-89.885836
1.394892,1305.508735,0.37516,55.037014,46.799794,-89.885925
1.397757,1305.428645,0.37516,55.037014,46.784489,-89.886015
1.400621,1305.368554,0.37516,55.037014,46.76916,-89.886104
1.403485,1305.339306,0.37516,55.037014,46.753806,-89.886194
1.406349,1305.338796,0.37516,55.037014,46.738429,-89.886283
1.409213,1305.358445,0.37516,55.037014,46.723027,-89.886372
1.412077,1305.428575,0.37516,55.037014,46.707601,-89.886462
1.414942,1305.538991,0.37516,55.037014,46.692151,-89.886551
1.417806,1305.706473,0.37516,55.037014,46.676676,-89.88664
1.42067,1305.676385,0.37516,55.037014,46.661177,-89.88673
1.423534,1305.468345,0.37516,55.037014,46.645654,-89.886819
1.426398,1305.279205,0.37516,55.037014,46.630105,-89.886908
1.429262,1305.107651,0.37516,55.037014,46.614533,-89.886998
1.432127,1304.988717,0.37516,55.037014,46.598936,-89.887087
1.434991,1304.887832,0.37516,55.037014,46.583314,-89.887176
1.437855,1304.817831,0.37516,55.037014,46.567667,-89.887266
1.440719,1304.760132,0.37516,55.037014,46.551995,-89.887355
1.443583,1304.709877,0.37516,55.037014,46.536299,-89.887444
1.446448,1304.669039,0.37516,55.037014,46.520578,-89.887533
1.449312,1304.629106,0.37516,55.037014,46.504831,-89.887623
1.452176,1304.599464,0.37516,55.037014,46.48906,-89.887712
1.45504,1304.577428,0.37516,55.037014,46.473264,-89.887801
1.457904,1304.557098,0.37516,55.037014,46.457442,-89.88789
1.460768,1304.558265,0.36272,55.037014,46.441595,-89.88798
1.463633,1304.559213,0.36272,55.037014,46.425723,-89.888069
1.466497,1304.557651,0.38284,55.037014,46.409826,-89.888158
1.469361,1304.578032,0.38284,55.037014,46.393903,-89.888247
1.472225,1304.586241,0.38284,55.037014,46.377955,-89.888336
1.475089,1304.61548,0.38284,55.037014,46.361982,-89.888426
1.477954,1304.646697,0.38284,55.037014,46.345982,-89.888515
1.480818,1304.685028,0.38284,55.037014,46.329958,-89.888604
1.483682,1304.764666,0.38284,55.037014,46.313907,-89.888693
1.486546,1304.864304,0.38284,55.037014,46.297831,-89.888782
1.48941,1304.994033,0.38284,55.037014,46.281729,-89.888871
1.492274,1305.159418,0.38284,55.037014,46.265601,-89.888961
1.495139,1305.343309,0.38284,55.037014,46.249447,-89.88905
1.498003,1305.573469,0.38284,55.037014,46.233268,-89.889139
1.500867,1305.841591,0.38284,55.037014,46.217062,-89.889228
1.503731,1306.035729,0.38284,55.037014,46.20083,-89.889317
1.506595,1306.150689,0.38284,55.037014,46.184572,-89.889406
1.50946,1306.268243,0.38284,55.037014,46.168288,-89.889495
1.512324,1306.343903,0.38284,55.037014,46.151977,-89.889584
1.515188,1306.578526,0.38284,55.037014,46.13564,-89.889673
1.518052,1306.809501,0.38284,55.037014,46.119277,-89.889762
1.520916,1307.043128,0.38284,55.037014,46.102887,-89.889851
1.52378,1307.303308,0.38284,55.037014,46.086471,-89.88994
1.526645,1307.587716,0.37192,56.902275,46.070028,-89.890029
1.529509,1307.816227,0.37192,56.902275,46.053559,-89.890118
1.532373,1307.683945,0.37192,56.902275,46.037063,-89.890207
1.535237,1307.528086,0.37192,56.902275,46.02054,-89.890296
1.538101,1307.457117,0.37192,56.902275,46.00399,-89.890385
1.540966,1307.410182,0.37192,56.902275,45.987414,-89.890474
1.54383,1307.398955,0.37192,56.902275,45.97081,-89.890563
1.546694,1307.274216,0.37192,56.902275,45.95418,-89.890652
1.549558,1306.987378,0.37192,56.902275,45.937522,-89.890741
1.552422,1306.59958,0.37192,56.902275,45.920837,-89.89083
1.555286,1306.208732,0.37192,56.902275,45.904125,-89.890919
1.558151,1305.838325,0.37192,56.902275,45.887386,-89.891008
1.561015,1305.478043,0.37192,56.902275,45.870619,-89.891097
1.563879,1305.155756,0.37192,56.902275,45.853825,-89.891186
1.566743,1304.828319,0.37192,56.902275,45.837004,-89.891275
1.569607,1304.506388,0.37192,56.902275,45.820155,-89.891364
1.572472,1304.17684,0.37192,56.902275,45.803278,-89.891452
1.575336,1303.817383,0.37192,56.902275,45.786374,-89.891541
1.5782,1303.41997,0.37192,56.902275,45.769442,-89.89163
1.581064,1302.968212,0.37192,56.902275,45.752482,-89.891719
1.583928,1302.537746,0.37192,56.902275,45.735495,-89.891808
1.586792,1302.187473,0.37192,56.902275,45.718479,-89.891897
1.589657,1301.938235,0.37192,56.902275,45.701436,-89.891986
1.592521,1301.776386,0.38884,56.902275,45.684364,-89.892074
1.595385,1301.728018,0.38884,56.902275,45.667264,-89.892163
1.598249,1301.76821,0.38884,56.902275,45.650136,-89.892252
1.601113,1301.81876,0.38884,56.902275,45.63298,-89.892341
1.603978,1301.84774,0.38884,56.902275,45.615796,-89.892429
1.606842,1301.869169,0.38884,56.902275,45.598583,-89.892518
1.609706,1301.88774,0.33884,56.902275,45.581342,-89.892607
1.61257,1301.889682,0.33884,56.902275,45.564072,-89.892696
1.615434,1301.93948,0.33884,56.902275,45.546774,-89.892784
1.618298,1302.110118,0.33884,56.902275,45.529447,-89.892873
1.621163,1302.387104,0.33884,56.902275,45.512091,-89.892962
1.624027,1302.65862,0.33884,56.902275,45.494706,-89.893051
1.626891,1302.858173,0.33884,56.902275,45.477293,-89.893139
1.629755,1302.97964,0.33884,56.902275,45.459851,-89.893228
1.632619,1303.02001,0.33884,56.902275,45.442379,-89.893317
1.635484,1302.935482,0.33884,56.902275,45.424879,-89.893405
1.638348,1302.74699,0.33884,56.902275,45.40735,-89.893494
1.641212,1302.535845,0.33884,56.902275,45.389791,-89.893583
1.644076,1302.479487,0.33884,56.902275,45.372203,-89.893671
1.64694,1302.766363,0.33884,56.902275,45.354586,-89.89376
1.649804,1303.009526,0.33884,56.902275,45.336939,-89.893848
1.652669,1303.078081,0.33884,56.902275,45.319263,-89.893937
1.655533,1303.005662,0.33884,56.902275,45.301557,-89.894026
1.658397,1302.927898,0.38596,56.902275,45.283821,-89.894114
1.661261,1302.875572,0.38596,56.902275,45.266056,-89.894203
1.664125,1302.856606,0.38596,56.902275,45.248261,-89.894291
1.66699,1302.856051,0.38596,56.902275,45.230437,-89.89438
1.669854,1302.768556,0.38596,56.902275,45.212582,-89.894468
1.672718,1302.655211,0.38596,56.902275,45.194697,-89.894557
1.675582,1302.555482,0.38596,56.902275,45.176783,-89.894645
1.678446,1302.457352,0.38596,56.902275,45.158838,-89.894734
1.68131,1302.386024,0.38596,56.902275,45.140863,-89.894822
1.684175,1302.330162,0.38596,56.902275,45.122858,-89.894911
1.687039,1302.277524,0.38596,56.902275,45.104822,-89.894999
1.689903,1302.236385,0.38596,56.902275,45.086756,-89.895088
1.692767,1302.196475,0.38596,56.902275,45.06866,-89.895176
1.695631,1302.157836,0.38596,56.902275,45.050532,-89.895265
1.698495,1302.116656,0.38596,56.902275,45.032375,-89.895353
1.70136,1302.08986,0.38596,56.902275,45.014186,-89.895442
1.704224,1302.059083,0.38596,56.902275,44.995967,-89.89553
1.707088,1302.03922,0.38596,56.902275,44.977717,-89.895619
1.709952,1302.019672,0.38596,56.902275,44.959436,-89.895707
1.712816,1302.006294,0.38596,56.902275,44.941124,-89.895795
1.715681,1301.967448,0.38596,56.902275,44.922781,-89.895884
1.718545,1301.905933,0.38596,56.902275,44.904406,-89.895972
1.721409,1301.796556,0.38596,56.902275,44.886001,-89.89606
1.724273,1301.668617,0.389,56.902275,44.867564,-89.896149
1.727137,1301.509627,0.389,56.902275,44.849096,-89.896237
1.730001,1301.336206,0.389,56.902275,44.830596,-89.896325
1.732866,1301.156116,0.389,56.902275,44.812065,-89.896414
1.73573,1300.980426,0.389,56.902275,44.793502,-89.896502
1.738594,1300.795754,0.389,56.902275,44.774907,-89.89659
1.741458,1300.647826,0.389,56.902275,44.756281,-89.896679
1.744322,1300.540011,0.389,56.902275,44.737623,-89.896767
1.747187,1300.457397,0.389,56.902275,44.718933,-89.896855
1.750051,1300.397638,0.389,56.902275,44.700211,-89.896943
1.752915,1300.348399,0.389,56.902275,44.681456,-89.897032
1.755779,1300.286055,0.39984,56.902275,44.66267,-89.89712
1.758643,1300.197761,0.39984,56.902275,44.643851,-89.897208
1.761507,1300.058202,0.39984,56.902275,44.625,-89.897296
1.764372,1299.899254,0.39984,56.902275,44.606117,-89.897384
1.767236,1299.75912,0.39984,56.902275,44.587201,-89.897472
1.7701,1299.627762,0.39984,56.902275,44.568253,-89.897561
1.772964,1299.555843,0.39984,56.902275,44.549272,-89.897649
1.775828,1299.476386,0.39984,56.902275,44.530258,-89.897737
1.778693,1299.378612,0.39984,56.902275,44.511211,-89.897825
1.781557,1299.237314,0.39984,56.902275,44.492132,-89.897913
1.784421,1299.047948,0.39984,56.902275,44.473019,-89.898001
1.787285,1298.839847,0.39984,56.902275,44.453874,-89.898089
1.790149,1298.608588,0.39552,62.267452,44.434695,-89.898177
1.793013,1298.356931,0.39552,62.267452,44.415484,-89.898266
1.795878,1298.100148,0.39552,62.267452,44.396239,-89.898354
1.798742,1297.829889,0.39552,62.267452,44.37696,-89.898442
1.801606,1297.549086,0.39552,62.267452,44.357648,-89.89853
1.80447,1297.259421,0.39552,62.267452,44.338303,-89.898618
1.807334,1296.967203,0.39552,62.267452,44.318924,-89.898706
1.810199,1296.647475,0.39552,62.267452,44.299511,-89.898794
1.813063,1296.279139,0.39552,62.267452,44.280064,-89.898882
1.815927,1295.829877,0.39552,62.267452,44.260584,-89.89897
1.818791,1295.319783,0.39552,62.267452,44.241069,-89.899058
1.821655,1294.829391,0.39552,62.267452,44.221521,-89.899146
1.824519,1294.439559,0.39552,62.267452,44.201938,-89.899234
1.827384,1294.238376,0.39552,62.267452,44.182322,-89.899322
1.830248,1294.179195,0.39552,62.267452,44.162671,-89.899409
1.833112,1294.059767,0.39552,62.267452,44.142985,-89.899497
1.835976,1293.909536,0.39552,62.267452,44.123265,-89.899585
1.83884,1293.779995,0.39552,62.267452,44.103511,-89.899673
1.841705,1293.659864,0.39552,62.267452,44.083722,-89.899761
1.844569,1293.53987,0.39552,62.267452,44.063898,-89.899849
1.847433,1293.399198,0.39552,62.267452,44.044039,-89.899937
1.850297,1293.260379,0.39552,62.267452,44.024146,-89.900025
1.853161,1293.108647,0.39552,62.267452,44.004217,-89.900112
1.856025,1292.928919,0.4024,62.267452,43.984253,-89.9002
1.85889,1292.72919,0.4024,62.267452,43.964255,-89.900288
1.861754,1292.549099,0.4024,62.267452,43.944221,-89.900376
1.864618,1292.360303,0.4024,62.267452,43.924151,-89.900464
1.867482,1292.139885,0.4024,62.267452,43.904047,-89.900551
1.870346,1291.929314,0.4024,62.267452,43.883906,-89.900639
1.873211,1291.718558,0.4024,62.267452,43.86373,-89.900727
1.876075,1291.499676,0.4024,62.267452,43.843519,-89.900815
1.878939,1291.279537,0.4024,62.267452,43.823271,-89.900902
1.881803,1291.039556,0.4024,62.267452,43.802988,-89.90099
1.884667,1290.799608,0.4024,62.267452,43.782669,-89.901078
1.887531,1290.589997,0.4024,62.267452,43.762314,-89.901165
1.890396,1290.448285,0.4024,62.267452,43.741922,-89.901253
1.89326,1290.318591,0.4024,62.267452,43.721495,-89.901341
1.896124,1290.179843,0.4024,62.267452,43.701031,-89.901428
1.898988,1290.029732,0.4024,62.267452,43.68053,-89.901516
1.901852,1289.857563,0.34548,57.266827,43.659993,-89.901604
1.904717,1289.678566,0.34548,57.266827,43.63942,-89.901691
1.907581,1289.49917,0.34548,57.266827,43.61881,-89.901779
1.910445,1289.299997,0.34548,57.266827,43.598163,-89.901866
1.913309,1289.09952,0.34548,57.266827,43.577479,-89.901954
1.916173,1288.867293,0.34548,57.266827,43.556758,-89.902042
1.919037,1288.589272,0.34548,57.266827,43.536,-89.902129
1.921902,1288.297746,0.37492,57.266827,43.515205,-89.902217
1.924766,1287.969995,0.37492,57.266827,43.494373,-89.902304
1.92763,1287.649434,0.37492,57.266827,43.473503,-89.902392
1.930494,1287.350008,0.37492,57.266827,43.452596,-89.902479
1.933358,1287.139826,0.37492,57.266827,43.431651,-89.902567
1.936223,1286.999657,0.37492,57.266827,43.410669,-89.902654
1.939087,1286.898465,0.37492,57.266827,43.389649,-89.902741
1.941951,1286.819835,0.37492,57.266827,43.368591,-89.902829
1.944815,1286.749175,0.37492,57.266827,43.347495,-89.902916
1.947679,1286.658917,0.37492,57.266827,43.326361,-89.903004
1.950543,1286.549512,0.37492,57.266827,43.305189,-89.903091
1.953408,1286.419088,0.37492,57.266827,43.283979,-89.903179
1.956272,1286.278993,0.37492,57.266827,43.262731,-89.903266
1.959136,1286.16898,0.37492,57.266827,43.241444,-89.903353
1.962,1286.068556,0.37492,57.266827,43.220118,-89.903441
1.964864,1285.989831,0.37492,57.266827,43.198754,-89.903528
1.967728,1285.91935,0.37492,57.266827,43.177351,-89.903615
1.970593,1285.858645,0.37492,57.266827,43.15591,-89.903703
1.973457,1285.799858,0.37492,57.266827,43.134429,-89.90379
1.976321,1285.739811,0.37492,57.266827,43.11291,-89.903877
1.979185,1285.689943,0.37492,57.266827,43.091351,-89.903964
1.982049,1285.659191,0.37492,57.266827,43.069753,-89.904052
1.984914,1285.62975,0.37492,57.266827,43.048116,-89.904139
1.987778,1285.619302,0.3886,57.266827,43.02644,-89.904226
1.990642,1285.61884,0.3886,57.266827,43.004724,-89.904313
1.993506,1285.628463,0.3886,57.266827,42.982968,-89.9044
1.99637,1285.639988,0.3886,57.266827,42.961173,-89.904488
1.999234,1285.669185,0.3886,57.266827,42.939338,-89.904575
2.002099,1285.720324,0.3886,57.266827,42.917462,-89.904662
2.004927,1285.779239,0.3886,57.266827,42.895825,-89.904748