position,TerrainHeight,Sun Visibility 60m,Polar Summer Max Temp,lon,lat
0,1285.87,0.3886,257.871185,42.896111,-89.904749
0.002864,1285.82,0.3886,257.871185,42.918024,-89.904662
0.005728,1285.8,0.3886,257.871185,42.939897,-89.904575
0.008592,1285.79,0.3886,257.871185,42.96173,-89.904488
0.011457,1285.78,0.3886,257.871185,42.983523,-89.9044
0.014321,1285.790778,0.37492,257.871185,43.005276,-89.904313
0.017185,1285.81,0.37492,257.871185,43.02699,-89.904226
0.020049,1285.84,0.37492,257.871185,43.048664,-89.904139
0.022913,1285.88,0.37492,257.871185,43.070299,-89.904052
0.025777,1285.93,0.37492,257.871185,43.091894,-89.903964
0.028641,1285.970404,0.37492,257.871185,43.113451,-89.903877
0.031506,1286.02,0.37492,257.871185,43.134968,-89.90379
0.03437,1286.08,0.37492,257.871185,43.156446,-89.903702
0.037234,1286.14,0.37492,257.871185,43.177886,-89.903615
0.040098,1286.21,0.37492,257.871185,43.199286,-89.903528
0.042962,1286.30061,0.37492,257.871185,43.220648,-89.90344
0.045826,1286.41,0.37492,257.871185,43.241971,-89.903353
0.048691,1286.54,0.37492,257.871185,43.263256,-89.903266
0.051555,1286.680963,0.37492,257.871185,43.284502,-89.903178
0.054419,1286.8,0.37492,257.871185,43.30571,-89.903091
0.057283,1286.91,0.37492,257.871185,43.32688,-89.903004
0.060147,1287.000704,0.37492,257.871185,43.348011,-89.902916
0.063011,1287.07,0.37492,257.871185,43.369105,-89.902829
0.065875,1287.140163,0.37492,257.871185,43.390161,-89.902741
0.06874,1287.25,0.37492,257.871185,43.411179,-89.902654
0.071604,1287.48,0.37492,257.871185,43.432159,-89.902566
0.074468,1287.840695,0.37492,257.871185,43.453101,-89.902479
0.077332,1288.210754,0.37492,257.871185,43.474006,-89.902391
0.080196,1288.56,0.34548,257.871185,43.494874,-89.902304
0.08306,1288.891535,0.34548,257.871185,43.515704,-89.902216
0.085924,1289.18,0.34548,257.871185,43.536497,-89.902129
0.088789,1289.42,0.34548,257.871185,43.557252,-89.902041
0.091653,1289.601097,0.34548,257.871185,43.577971,-89.901954
0.094517,1289.79,0.34548,257.871185,43.598653,-89.901866
0.097381,1289.97,0.34548,257.871185,43.619298,-89.901779
0.100245,1290.15,0.34548,257.871185,43.639906,-89.901691
0.103109,1290.31,0.34548,257.871185,43.660477,-89.901603
0.105973,1290.46,0.34548,257.871185,43.681012,-89.901516
0.108838,1290.58,0.4024,245.191605,43.70151,-89.901428
0.111702,1290.672765,0.4024,245.191605,43.721972,-89.901341
0.114566,1290.78,0.4024,245.191605,43.742397,-89.901253
0.11743,1291.01,0.4024,245.191605,43.762787,-89.901165
0.120294,1291.27,0.4024,245.191605,43.78314,-89.901078
0.123158,1291.48,0.4024,245.191605,43.803457,-89.90099
0.126023,1291.68,0.4024,245.191605,43.823738,-89.900902
0.128887,1291.88,0.4024,245.191605,43.843983,-89.900814
0.131751,1292.09,0.4024,245.191605,43.864193,-89.900727
0.134615,1292.310746,0.4024,245.191605,43.884366,-89.900639
0.137479,1292.5,0.4024,245.191605,43.904504,-89.900551
0.140343,1292.67,0.4024,245.191605,43.924607,-89.900463
0.143207,1292.871722,0.4024,245.191605,43.944674,-89.900376
0.146072,1293.1,0.39552,245.191605,43.964706,-89.900288
0.148936,1293.3,0.39552,245.191605,43.984703,-89.9002
0.1518,1293.45,0.39552,245.191605,44.004664,-89.900112
0.154664,1293.58,0.39552,245.191605,44.024591,-89.900024
0.157528,1293.701283,0.39552,245.191605,44.044482,-89.899937
0.160392,1293.81,0.39552,245.191605,44.064339,-89.899849
0.163256,1293.91,0.39552,245.191605,44.084161,-89.899761
0.166121,1294.1,0.39552,245.191605,44.103948,-89.899673
0.168985,1294.29,0.39552,245.191605,44.1237,-89.899585
0.171849,1294.431882,0.39552,245.191605,44.143418,-89.899497
0.174713,1294.57,0.39552,245.191605,44.163101,-89.899409
0.177577,1294.791442,0.39552,245.191605,44.18275,-89.899321
0.180441,1295.15,0.39552,245.191605,44.202365,-89.899233
0.183306,1295.59,0.39552,245.191605,44.221946,-89.899146
0.18617,1296.07,0.39552,245.191605,44.241492,-89.899058
0.189034,1296.54246,0.39552,245.191605,44.261004,-89.89897
0.191898,1296.95,0.39552,245.191605,44.280483,-89.898882
0.194762,1297.29,0.39552,245.191605,44.299927,-89.898794
0.197626,1297.6,0.39552,245.191605,44.319338,-89.898706
0.20049,1297.891738,0.39552,245.191605,44.338715,-89.898618
0.203355,1298.18,0.39552,245.191605,44.358058,-89.89853
0.206219,1298.45,0.39552,245.191605,44.377368,-89.898442
0.209083,1298.71,0.39552,245.191605,44.396645,-89.898354
0.211947,1298.96,0.39984,245.24826,44.415888,-89.898265
0.214811,1299.2,0.39984,245.24826,44.435098,-89.898177
0.217675,1299.41,0.39984,245.24826,44.454274,-89.898089
0.220539,1299.6,0.39984,245.24826,44.473418,-89.898001
0.223404,1299.76,0.39984,245.24826,44.492528,-89.897913
0.226268,1299.91,0.39984,245.24826,44.511606,-89.897825
0.229132,1300.03,0.39984,245.24826,44.53065,-89.897737
0.231996,1300.162931,0.39984,245.24826,44.549662,-89.897649
0.23486,1300.31,0.39984,245.24826,44.568641,-89.897561
0.237724,1300.46,0.39984,245.24826,44.587587,-89.897472
0.240588,1300.6,0.39984,245.24826,44.606501,-89.897384
0.243453,1300.702821,0.39984,245.24826,44.625383,-89.897296
0.246317,1300.77,0.39984,245.24826,44.644232,-89.897208
0.249181,1300.82,0.39984,245.24826,44.663048,-89.89712
0.252045,1300.86,0.39984,245.24826,44.681833,-89.897031
0.254909,1300.932461,0.389,245.24826,44.700585,-89.896943
0.257773,1301.01,0.389,245.24826,44.719305,-89.896855
0.260638,1301.12,0.389,245.24826,44.737993,-89.896767
0.263502,1301.26,0.389,245.24826,44.756649,-89.896678
0.266366,1301.422965,0.389,245.24826,44.775274,-89.89659
0.26923,1301.6,0.389,245.24826,44.793866,-89.896502
0.272094,1301.78,0.389,245.24826,44.812427,-89.896414
0.274958,1301.96,0.389,245.24826,44.830957,-89.896325
0.277822,1302.132327,0.38596,245.24826,44.849454,-89.896237
0.280687,1302.27,0.38596,245.24826,44.867921,-89.896149
0.283551,1302.38,0.38596,245.24826,44.886356,-89.89606
0.286415,1302.41,0.38596,245.24826,44.904759,-89.895972
0.289279,1302.41,0.38596,245.24826,44.923132,-89.895884
0.292143,1302.41,0.38596,245.24826,44.941473,-89.895795
0.295007,1302.41,0.38596,245.24826,44.959783,-89.895707
0.297871,1302.43,0.38596,245.24826,44.978062,-89.895618
0.300736,1302.46,0.38596,245.24826,44.99631,-89.89553
0.3036,1302.492223,0.38596,245.24826,45.014528,-89.895442
0.306464,1302.542802,0.38596,245.24826,45.032714,-89.895353
0.309328,1302.58,0.38596,245.24826,45.05087,-89.895265
0.312192,1302.63,0.38596,245.24826,45.068995,-89.895176
0.315056,1302.69,0.38596,245.24826,45.08709,-89.895088
0.31792,1302.75,0.38596,245.24826,45.105154,-89.894999
0.320785,1302.821776,0.38596,245.24826,45.123188,-89.894911
0.323649,1302.9,0.38596,245.24826,45.141191,-89.894822
0.326513,1303,0.38596,245.24826,45.159164,-89.894734
0.329377,1303.13,0.38596,245.24826,45.177107,-89.894645
0.332241,1303.3,0.38596,245.24826,45.19502,-89.894557
0.335105,1303.38,0.38596,245.24826,45.212902,-89.894468
0.33797,1303.331836,0.38596,245.24826,45.230755,-89.89438
0.340834,1303.32,0.38596,245.24826,45.248578,-89.894291
0.343698,1303.35,0.33884,245.24826,45.266371,-89.894203
0.346562,1303.41,0.33884,245.24826,45.284134,-89.894114
0.349426,1303.48,0.33884,245.24826,45.301868,-89.894025
0.35229,1303.46,0.33884,245.24826,45.319572,-89.893937
0.355154,1303.27,0.33884,245.24826,45.337246,-89.893848
0.358019,1303.14,0.33884,245.24826,45.354891,-89.89376
0.360883,1303.17,0.33884,245.24826,45.372506,-89.893671
0.363747,1303.29,0.33884,245.24826,45.390093,-89.893582
0.366611,1303.44155,0.33884,245.24826,45.407649,-89.893494
0.369475,1303.49,0.33884,245.24826,45.425177,-89.893405
0.372339,1303.4,0.33884,245.24826,45.442676,-89.893316
0.375203,1303.25,0.33884,245.24826,45.460145,-89.893228
0.378068,1303.04,0.33884,245.24826,45.477586,-89.893139
0.380932,1302.750723,0.33884,245.24826,45.494997,-89.89305
0.383796,1302.46,0.33884,245.24826,45.51238,-89.892962
0.38666,1302.3,0.33884,245.24826,45.529734,-89.892873
0.389524,1302.21,0.33884,245.24826,45.547059,-89.892784
0.392388,1302.16,0.33884,245.24826,45.564356,-89.892696
0.395253,1302.13,0.33884,245.24826,45.581624,-89.892607
0.398117,1302.11,0.33884,245.24826,45.598863,-89.892518
0.400981,1302.091707,0.38884,245.24826,45.616074,-89.892429
0.403845,1302.07,0.38884,245.24826,45.633257,-89.892341
0.406709,1302.05,0.38884,245.24826,45.650411,-89.892252
0.409573,1302.11137,0.37192,245.24826,45.667537,-89.892163
0.412437,1302.21,0.37192,245.24826,45.684635,-89.892074
0.415302,1302.4,0.37192,245.24826,45.701705,-89.891985
0.418166,1302.77,0.37192,245.24826,45.718746,-89.891897
0.42103,1303.22,0.37192,245.24826,45.73576,-89.891808
0.423894,1303.691068,0.37192,245.24826,45.752746,-89.891719
0.426758,1304.131843,0.37192,245.24826,45.769704,-89.89163
0.429622,1304.54,0.37192,245.24826,45.786634,-89.891541
0.432486,1304.92,0.37192,245.24826,45.803536,-89.891452
0.435351,1305.270953,0.37192,245.24826,45.820411,-89.891363
0.438215,1305.6,0.37192,245.24826,45.837259,-89.891275
0.441079,1305.93,0.37192,245.24826,45.854078,-89.891186
0.443943,1306.28,0.37192,245.24826,45.87087,-89.891097
0.446807,1306.66,0.37192,245.24826,45.887635,-89.891008
0.449671,1307.09,0.37192,245.24826,45.904373,-89.890919
0.452535,1307.55,0.37192,245.24826,45.921083,-89.89083
0.4554,1307.852134,0.37192,245.24826,45.937766,-89.890741
0.458264,1307.9,0.37192,245.24826,45.954422,-89.890652
0.461128,1307.86,0.37192,245.24826,45.971051,-89.890563
0.463992,1307.91,0.37192,245.24826,45.987653,-89.890474
0.466856,1307.99179,0.37192,245.24826,46.004228,-89.890385
0.46972,1308.14,0.37192,245.24826,46.020775,-89.890296
0.472585,1308.26,0.37192,245.24826,46.037297,-89.890207
0.475449,1308.15,0.38284,262.816162,46.053791,-89.890118
0.478313,1307.992891,0.38284,262.816162,46.070259,-89.890029
0.481177,1307.77,0.38284,262.816162,46.0867,-89.88994
0.484041,1307.56,0.38284,262.816162,46.103114,-89.889851
0.486905,1307.37,0.38284,262.816162,46.119502,-89.889762
0.489769,1307.26247,0.38284,262.816162,46.135864,-89.889673
0.492634,1307.22,0.38284,262.816162,46.152199,-89.889584
0.495498,1307.06,0.38284,262.816162,46.168508,-89.889495
0.498362,1306.89,0.38284,262.816162,46.18479,-89.889406
0.501226,1306.642243,0.38284,262.816162,46.201046,-89.889317
0.50409,1306.32,0.38284,262.816162,46.217277,-89.889228
0.506954,1306.05,0.38284,262.816162,46.233481,-89.889139
0.509818,1305.81,0.38284,262.816162,46.249659,-89.88905
0.512683,1305.62,0.38284,262.816162,46.265811,-89.88896
0.515547,1305.46,0.38284,262.816162,46.281937,-89.888871
0.518411,1305.33,0.38284,262.816162,46.298037,-89.888782
0.521275,1305.23,0.38284,262.816162,46.314112,-89.888693
0.524139,1305.152882,0.38284,262.816162,46.330161,-89.888604
0.527003,1305.082266,0.38284,262.816162,46.346184,-89.888515
0.529867,1305.042426,0.38284,262.816162,46.362181,-89.888425
0.532732,1305,0.38284,262.816162,46.378153,-89.888336
0.535596,1304.96,0.38284,262.816162,46.3941,-89.888247
0.53846,1304.94,0.38284,262.816162,46.410021,-89.888158
0.541324,1304.921526,0.36168,262.816162,46.425916,-89.888069
0.544188,1304.91,0.37516,262.816162,46.441787,-89.887979
0.547052,1304.901043,0.37516,262.816162,46.457632,-89.88789
0.549917,1304.9,0.37516,262.816162,46.473452,-89.887801
0.552781,1304.92,0.37516,262.816162,46.489246,-89.887712
0.555645,1304.93,0.37516,262.816162,46.505016,-89.887623
0.558509,1304.96,0.37516,262.816162,46.520761,-89.887533
0.561373,1304.99,0.37516,262.816162,46.53648,-89.887444
0.564237,1305.04,0.37516,262.816162,46.552175,-89.887355
0.567101,1305.11,0.37516,262.816162,46.567845,-89.887265
0.569966,1305.2,0.37516,262.816162,46.58349,-89.887176
0.57283,1305.320988,0.37516,262.816162,46.59911,-89.887087
0.575694,1305.48,0.37516,262.816162,46.614706,-89.886998
0.578558,1305.670419,0.37516,262.816162,46.630277,-89.886908
0.581422,1305.88,0.37516,262.816162,46.645823,-89.886819
0.584286,1305.85,0.37516,262.816162,46.661345,-89.88673
0.58715,1305.74,0.37516,262.816162,46.676843,-89.88664
0.590015,1305.64,0.37516,262.816162,46.692316,-89.886551
0.592879,1305.550824,0.37516,262.816162,46.707764,-89.886462
0.595743,1305.52,0.37516,262.816162,46.723189,-89.886372
0.598607,1305.51,0.37516,262.816162,46.738589,-89.886283
0.601471,1305.530948,0.37516,262.816162,46.753965,-89.886193
0.604335,1305.560136,0.37516,262.816162,46.769317,-89.886104
0.6072,1305.620262,0.35484,262.816162,46.784644,-89.886015
0.610064,1305.700315,0.35484,262.816162,46.799948,-89.885925
0.612928,1305.81,0.35484,262.816162,46.815228,-89.885836
0.615792,1305.95,0.35484,262.816162,46.830484,-89.885746
0.618656,1306.12,0.35484,262.816162,46.845716,-89.885657
0.62152,1306.359783,0.35484,262.816162,46.860924,-89.885567
0.624384,1306.65,0.35484,262.816162,46.876108,-89.885478
0.627249,1306.989991,0.35484,262.816162,46.891269,-89.885389
0.630113,1307.39,0.35484,262.816162,46.906406,-89.885299
0.632977,1307.82,0.35484,262.816162,46.921519,-89.88521
0.635841,1308.300079,0.35484,262.816162,46.936609,-89.88512
0.638705,1308.78,0.35484,262.816162,46.951675,-89.885031
0.641569,1309.24,0.35484,262.816162,46.966718,-89.884941
0.644433,1309.530092,0.35484,262.816162,46.981738,-89.884852
0.647298,1309.83,0.35484,262.816162,46.996734,-89.884762
0.650162,1310.14,0.35484,262.816162,47.011707,-89.884673
0.653026,1310.48,0.35484,262.816162,47.026657,-89.884583
0.65589,1310.83,0.35484,262.816162,47.041584,-89.884494
0.658754,1311.22,0.35484,262.816162,47.056487,-89.884404
0.661618,1311.63,0.35484,262.816162,47.071367,-89.884314
0.664482,1312.059934,0.35484,262.816162,47.086225,-89.884225
0.667347,1312.52,0.35484,262.816162,47.101059,-89.884135
0.670211,1312.989784,0.35484,262.816162,47.115871,-89.884046
0.673075,1313.46,0.40312,262.816162,47.130659,-89.883956
0.675939,1313.909805,0.40312,262.816162,47.145425,-89.883867
0.678803,1314.269947,0.40312,262.816162,47.160168,-89.883777
0.681667,1314.58009,0.40312,262.816162,47.174888,-89.883687
0.684532,1314.85,0.40312,262.816162,47.189586,-89.883598
0.687396,1315.03,0.40312,262.816162,47.204261,-89.883508
0.69026,1315.08,0.39084,245.116867,47.218913,-89.883419
0.693124,1314.980619,0.39084,245.116867,47.233543,-89.883329
0.695988,1314.82,0.39084,245.116867,47.248151,-89.883239
0.698852,1314.7,0.39084,245.116867,47.262736,-89.88315
0.701716,1314.62,0.39084,245.116867,47.277299,-89.88306
0.704581,1314.56,0.39084,245.116867,47.291839,-89.88297
0.707445,1314.53,0.39084,245.116867,47.306357,-89.882881
0.710309,1314.399699,0.39084,245.116867,47.320853,-89.882791
0.713173,1314.22,0.39084,245.116867,47.335327,-89.882701
0.716037,1313.999584,0.39084,245.116867,47.349778,-89.882612
0.718901,1313.75,0.39084,245.116867,47.364208,-89.882522
0.721765,1313.489861,0.39084,245.116867,47.378615,-89.882432
0.72463,1313.260091,0.39084,245.116867,47.393001,-89.882342
0.727494,1313.060577,0.39084,245.116867,47.407365,-89.882253
0.730358,1312.89,0.39084,245.116867,47.421706,-89.882163
0.733222,1312.75,0.39084,245.116867,47.436026,-89.882073
0.736086,1312.580808,0.39084,256.688873,47.450324,-89.881983
0.73895,1312.41,0.36088,256.688873,47.464601,-89.881894
0.741814,1312.28,0.36088,256.688873,47.478856,-89.881804
0.744679,1312.17,0.36088,256.688873,47.493089,-89.881714
0.747543,1312.08,0.36088,256.688873,47.5073,-89.881624
0.750407,1312.02,0.36088,256.688873,47.52149,-89.881535
0.753271,1311.98,0.36088,256.688873,47.535659,-89.881445
0.756135,1311.97,0.36088,256.688873,47.549806,-89.881355
0.758999,1311.98,0.36088,256.688873,47.563931,-89.881265
0.761864,1312.01,0.36088,256.688873,47.578036,-89.881175
0.764728,1312.02,0.36088,256.688873,47.592119,-89.881086
0.767592,1312.020605,0.36088,256.688873,47.60618,-89.880996
0.770456,1312.17,0.36088,256.688873,47.620221,-89.880906
0.77332,1312.35,0.36088,256.688873,47.63424,-89.880816
0.776184,1312.5,0.36088,256.688873,47.648238,-89.880726
0.779048,1312.64,0.36088,256.688873,47.662216,-89.880636
0.781913,1312.771607,0.36088,256.688873,47.676172,-89.880546
0.784777,1312.891386,0.36088,256.688873,47.690107,-89.880457
0.787641,1313,0.36088,256.688873,47.704021,-89.880367
0.790505,1313.12,0.36088,256.688873,47.717914,-89.880277
0.793369,1313.28,0.36088,256.688873,47.731787,-89.880187
0.796233,1313.48,0.36088,256.688873,47.745638,-89.880097
0.799097,1313.681243,0.36088,256.688873,47.759469,-89.880007
0.801962,1313.890729,0.36088,256.688873,47.773279,-89.879917
0.804826,1314.101564,0.38752,256.688873,47.787069,-89.879827
0.80769,1314.3,0.38752,256.688873,47.800838,-89.879737
0.810554,1314.48,0.38752,256.688873,47.814586,-89.879647
0.813418,1314.671932,0.38752,256.688873,47.828314,-89.879558
0.816282,1314.860673,0.38752,256.688873,47.842021,-89.879468
0.819147,1315.07,0.38752,256.688873,47.855708,-89.879378
0.822011,1315.32,0.38752,256.688873,47.869375,-89.879288
0.824875,1315.551141,0.38752,256.688873,47.883021,-89.879198
0.827739,1315.72,0.38752,256.688873,47.896646,-89.879108
0.830603,1315.89,0.38752,256.688873,47.910252,-89.879018
0.833467,1316.05,0.38752,256.688873,47.923837,-89.878928
0.836331,1316.22,0.37476,256.688873,47.937402,-89.878838
0.839196,1316.391556,0.37476,256.688873,47.950947,-89.878748
0.84206,1316.562847,0.37476,256.688873,47.964472,-89.878658
0.844924,1316.73168,0.37476,256.688873,47.977977,-89.878568
0.847788,1316.92,0.37476,256.688873,47.991462,-89.878478
0.850652,1317.100936,0.37476,256.688873,48.004927,-89.878388
0.853516,1317.23,0.37476,256.688873,48.018372,-89.878298
0.85638,1317.3,0.37476,256.688873,48.031797,-89.878208
0.859245,1317.33,0.37476,256.688873,48.045202,-89.878118
0.862109,1317.35,0.37476,256.688873,48.058587,-89.878027
0.864973,1317.39,0.37476,256.688873,48.071953,-89.877937
0.867837,1317.41,0.37476,256.688873,48.085299,-89.877847
0.870701,1317.57,0.37276,256.688873,48.098625,-89.877757
0.873565,1317.71,0.37276,256.688873,48.111932,-89.877667
0.876429,1317.79,0.37276,256.688873,48.125219,-89.877577
0.879294,1317.812765,0.37276,256.688873,48.138487,-89.877487
0.882158,1317.78137,0.37276,256.688873,48.151735,-89.877397
0.885022,1317.692721,0.37276,256.688873,48.164963,-89.877307
0.887886,1317.6,0.37276,256.688873,48.178173,-89.877217
0.89075,1317.59,0.37276,256.688873,48.191362,-89.877127
0.893614,1317.73,0.37276,256.688873,48.204533,-89.877036
0.896479,1317.89,0.37276,256.688873,48.217684,-89.876946
0.899343,1318.05,0.37276,256.688873,48.230816,-89.876856
0.902207,1317.99,0.37276,256.688873,48.243929,-89.876766
0.905071,1317.892152,0.37276,256.688873,48.257022,-89.876676
0.907935,1317.78,0.37276,256.688873,48.270097,-89.876586
0.910799,1317.69,0.37276,256.688873,48.283152,-89.876496
0.913663,1317.670793,0.37276,256.688873,48.296188,-89.876405
0.916528,1317.7,0.37276,256.688873,48.309205,-89.876315
0.919392,1317.74,0.37276,256.688873,48.322204,-89.876225
0.922256,1317.783602,0.37276,256.688873,48.335183,-89.876135
0.92512,1317.820897,0.37276,256.688873,48.348143,-89.876045
0.927984,1317.85,0.37276,256.688873,48.361085,-89.875954
0.930848,1317.871738,0.37276,256.688873,48.374008,-89.875864
0.933712,1317.932567,0.37276,256.688873,48.386912,-89.875774
0.936577,1318.161486,0.355,256.688873,48.399797,-89.875684
0.939441,1318.38,0.355,256.688873,48.412664,-89.875594
0.942305,1318.63,0.355,256.688873,48.425512,-89.875503
0.945169,1318.86,0.355,256.688873,48.438341,-89.875413
0.948033,1319.08,0.355,256.688873,48.451152,-89.875323
0.950897,1319.322335,0.355,256.688873,48.463944,-89.875233
0.953761,1319.58,0.355,256.688873,48.476718,-89.875142
0.956626,1319.85,0.355,256.688873,48.489473,-89.875052
0.95949,1320.120714,0.355,256.688873,48.50221,-89.874962
0.962354,1320.351089,0.355,256.688873,48.514929,-89.874871
0.965218,1320.530541,0.355,256.688873,48.527629,-89.874781
0.968082,1320.641786,0.355,256.688873,48.540311,-89.874691
0.970946,1320.72,0.355,256.688873,48.552974,-89.874601
0.973811,1320.78,0.355,256.688873,48.56562,-89.87451
0.976675,1320.831856,0.355,256.688873,48.578247,-89.87442
0.979539,1320.87,0.355,256.688873,48.590856,-89.87433
0.982403,1320.91,0.34884,256.688873,48.603447,-89.874239
0.985267,1320.94,0.34884,256.688873,48.61602,-89.874149
0.988131,1320.971051,0.34884,256.688873,48.628575,-89.874059
0.990995,1321,0.34884,256.688873,48.641111,-89.873968
0.99386,1321.02,0.34884,256.688873,48.65363,-89.873878
0.996724,1321.08,0.34884,256.688873,48.666131,-89.873788
0.999588,1321.15,0.34884,256.688873,48.678614,-89.873697
1.002448,1321.219908,0.3522,273.841614,48.691063,-89.873607
1.005312,1320.81,0.34884,256.688873,48.678597,-89.873697
1.008177,1320.74,0.34884,256.688873,48.666113,-89.873788
1.011041,1320.71,0.34884,256.688873,48.653612,-89.873878
1.013905,1320.678047,0.34884,256.688873,48.641092,-89.873968
1.016769,1320.638685,0.34884,256.688873,48.628554,-89.874059
1.019633,1320.61,0.34884,256.688873,48.615999,-89.874149
1.022497,1320.57,0.34884,256.688873,48.603425,-89.874239
1.025361,1320.53,0.34884,256.688873,48.590833,-89.87433
1.028226,1320.497542,0.34884,256.688873,48.578224,-89.87442
1.03109,1320.472312,0.355,256.688873,48.565596,-89.87451
1.033954,1320.42,0.355,256.688873,48.55295,-89.874601
1.036818,1320.321223,0.355,256.688873,48.540285,-89.874691
1.039682,1320.15,0.355,256.688873,48.527603,-89.874781
1.042546,1319.881828,0.355,256.688873,48.514902,-89.874872
1.04541,1319.581526,0.355,256.688873,48.502182,-89.874962
1.048275,1319.300001,0.355,256.688873,48.489445,-89.875052
1.051139,1319.032364,0.355,256.688873,48.476689,-89.875142
1.054003,1318.78201,0.355,256.688873,48.463914,-89.875233
1.056867,1318.540875,0.355,256.688873,48.451121,-89.875323
1.059731,1318.28147,0.355,256.688873,48.438309,-89.875413
1.062595,1318.030001,0.355,256.688873,48.425479,-89.875503
1.06546,1317.750001,0.37276,256.688873,48.412631,-89.875594
1.068324,1317.530001,0.37276,256.688873,48.399763,-89.875684
1.071188,1317.46,0.37276,256.688873,48.386877,-89.875774
1.074052,1317.42,0.37276,256.688873,48.373972,-89.875864
1.076916,1317.391061,0.37276,256.688873,48.361049,-89.875955
1.07978,1317.35129,0.37276,256.688873,48.348106,-89.876045
1.082644,1317.32,0.37276,256.688873,48.335145,-89.876135
1.085509,1317.302163,0.37276,256.688873,48.322165,-89.876225
1.088373,1317.3,0.37276,256.688873,48.309166,-89.876315
1.091237,1317.32,0.37276,256.688873,48.296148,-89.876405
1.094101,1317.413396,0.37276,256.688873,48.283111,-89.876496
1.096965,1317.511762,0.37276,256.688873,48.270055,-89.876586
1.099829,1317.621802,0.37276,256.688873,48.256979,-89.876676
1.102693,1317.620554,0.37276,256.688873,48.243885,-89.876766
1.105558,1317.510001,0.37276,256.688873,48.230772,-89.876856
1.108422,1317.390001,0.37276,256.688873,48.217639,-89.876946
1.111286,1317.261399,0.37276,256.688873,48.204487,-89.877037
1.11415,1317.222695,0.37276,256.688873,48.191316,-89.877127
1.117014,1317.29,0.37276,256.688873,48.178125,-89.877217
1.119878,1317.37,0.37276,256.688873,48.164915,-89.877307
1.122742,1317.43,0.37276,256.688873,48.151686,-89.877397
1.125607,1317.44,0.37276,256.688873,48.138437,-89.877487
1.128471,1317.340001,0.37276,256.688873,48.125168,-89.877577
1.131335,1317.090002,0.37476,256.688873,48.111881,-89.877667
1.134199,1316.950001,0.37476,256.688873,48.098573,-89.877757
1.137063,1316.94066,0.37476,256.688873,48.085246,-89.877847
1.139927,1316.97,0.37476,256.688873,48.071899,-89.877938
1.142792,1317.02,0.37476,256.688873,48.058533,-89.878028
1.145656,1317.04,0.37476,256.688873,48.045146,-89.878118
1.14852,1317.01,0.37476,256.688873,48.03174,-89.878208
1.151384,1316.86076,0.37476,256.688873,48.018315,-89.878298
1.154248,1316.581808,0.37476,256.688873,48.004869,-89.878388
1.157112,1316.362196,0.37476,256.688873,47.991403,-89.878478
1.159976,1316.190001,0.37476,256.688873,47.977917,-89.878568
1.162841,1316.012557,0.37476,256.688873,47.964412,-89.878658
1.165705,1315.842974,0.37476,256.688873,47.950886,-89.878748
1.168569,1315.670001,0.37476,256.688873,47.93734,-89.878838
1.171433,1315.510001,0.37476,256.688873,47.923774,-89.878928
1.174297,1315.360001,0.38752,256.688873,47.910188,-89.879018
1.177161,1315.201504,0.38752,256.688873,47.896582,-89.879108
1.180025,1314.970002,0.38752,256.688873,47.882955,-89.879198
1.18289,1314.711359,0.38752,256.688873,47.869308,-89.879288
1.185754,1314.531661,0.38752,256.688873,47.855641,-89.879378
1.188618,1314.360948,0.38752,256.688873,47.841953,-89.879468
1.191482,1314.210001,0.38752,256.688873,47.828245,-89.879558
1.194346,1314.030002,0.38752,256.688873,47.814517,-89.879648
1.19721,1313.850002,0.36088,256.688873,47.800767,-89.879737
1.200074,1313.640002,0.36088,256.688873,47.786998,-89.879827
1.202939,1313.411081,0.36088,256.688873,47.773207,-89.879917
1.205803,1313.170002,0.36088,256.688873,47.759396,-89.880007
1.208667,1312.960002,0.36088,256.688873,47.745565,-89.880097
1.211531,1312.810357,0.36088,256.688873,47.731712,-89.880187
1.214395,1312.730999,0.36088,256.688873,47.717839,-89.880277
1.217259,1312.63035,0.36088,256.688873,47.703945,-89.880367
1.220124,1312.531311,0.36088,256.688873,47.69003,-89.880457
1.222988,1312.411646,0.36088,256.688873,47.676094,-89.880547
1.225852,1312.280001,0.36088,256.688873,47.662137,-89.880636
1.228716,1312.150353,0.36088,256.688873,47.648159,-89.880726
1.23158,1312.000658,0.36088,256.688873,47.63416,-89.880816
1.234444,1311.900162,0.36088,256.688873,47.62014,-89.880906
1.237308,1311.850001,0.36088,256.688873,47.606098,-89.880996
1.240173,1311.820378,0.36088,256.688873,47.592036,-89.881086
1.243037,1311.81,0.36088,256.688873,47.577952,-89.881175
1.245901,1311.81,0.36088,256.688873,47.563847,-89.881265
1.248765,1311.82,0.36088,256.688873,47.54972,-89.881355
1.251629,1311.86,0.36088,256.688873,47.535572,-89.881445
1.254493,1311.920744,0.36088,256.688873,47.521403,-89.881535
1.257357,1311.999999,0.36088,256.688873,47.507212,-89.881624
1.260222,1312.099999,0.36088,256.688873,47.493,-89.881714
1.263086,1312.229998,0.39084,256.688873,47.478766,-89.881804
1.26595,1312.380334,0.39084,245.116867,47.46451,-89.881894
1.268814,1312.539998,0.39084,245.116867,47.450233,-89.881984
1.271678,1312.721092,0.39084,245.116867,47.435934,-89.882073
1.274542,1312.929997,0.39084,245.116867,47.421613,-89.882163
1.277407,1313.149997,0.39084,245.116867,47.40727,-89.882253
1.280271,1313.439996,0.39084,245.116867,47.392906,-89.882342
1.283135,1313.749996,0.39084,245.116867,47.37852,-89.882432
1.285999,1314.089995,0.39084,245.116867,47.364111,-89.882522
1.288863,1314.369651,0.39084,245.116867,47.349681,-89.882612
1.291727,1314.579997,0.39084,245.116867,47.335228,-89.882701
1.294591,1314.59,0.39084,245.116867,47.320754,-89.882791
1.297456,1314.56,0.39084,245.116867,47.306257,-89.882881
1.30032,1314.560046,0.39084,245.116867,47.291738,-89.88297
1.303184,1314.59,0.39084,245.116867,47.277197,-89.88306
1.306048,1314.649999,0.39084,245.116867,47.262633,-89.88315
1.308912,1314.721487,0.39084,245.116867,47.248047,-89.883239
1.311776,1314.781804,0.39084,245.116867,47.233439,-89.883329
1.31464,1314.762368,0.39084,245.116867,47.218808,-89.883419
1.317505,1314.690001,0.39084,245.116867,47.204155,-89.883508
1.320369,1314.550149,0.40312,245.116867,47.189479,-89.883598
1.323233,1314.340003,0.40312,262.816162,47.17478,-89.883687
1.326097,1313.990005,0.40312,262.816162,47.160059,-89.883777
1.328961,1313.519654,0.35484,262.816162,47.145315,-89.883867
1.331825,1313.020008,0.35484,262.816162,47.130548,-89.883956
1.334689,1312.530008,0.35484,262.816162,47.115759,-89.884046
1.337554,1312.050008,0.35484,262.816162,47.100947,-89.884135
1.340418,1311.590008,0.35484,262.816162,47.086111,-89.884225
1.343282,1311.170007,0.35484,262.816162,47.071253,-89.884315
1.346146,1310.780006,0.35484,262.816162,47.056372,-89.884404
1.34901,1310.430006,0.35484,262.816162,47.041467,-89.884494
1.351874,1310.100006,0.35484,262.816162,47.02654,-89.884583
1.354739,1309.780005,0.35484,262.816162,47.011589,-89.884673
1.357603,1309.460401,0.35484,262.816162,46.996615,-89.884762
1.360467,1309.080349,0.35484,262.816162,46.981618,-89.884852
1.363331,1308.640008,0.35484,262.816162,46.966598,-89.884941
1.366195,1308.200008,0.35484,262.816162,46.951554,-89.885031
1.369059,1307.760008,0.35484,262.816162,46.936487,-89.88512
1.371923,1307.340007,0.35484,262.816162,46.921396,-89.88521
1.374788,1306.960092,0.35484,262.816162,46.906282,-89.885299
1.377652,1306.630006,0.35484,262.816162,46.891144,-89.885389
1.380516,1306.330005,0.35484,262.816162,46.875982,-89.885478
1.38338,1306.100139,0.35484,262.816162,46.860797,-89.885568
1.386244,1305.900004,0.35484,262.816162,46.845588,-89.885657
1.389108,1305.740003,0.35484,262.816162,46.830355,-89.885746
1.391972,1305.610002,0.35484,262.816162,46.815098,-89.885836
1.394837,1305.510897,0.37516,262.816162,46.799817,-89.885925
1.397701,1305.430002,0.37516,262.816162,46.784513,-89.886015
1.400565,1305.370957,0.37516,262.816162,46.769184,-89.886104
1.403429,1305.340447,0.37516,262.816162,46.753831,-89.886193
1.406293,1305.34,0.37516,262.816162,46.738455,-89.886283
1.409157,1305.360078,0.37516,262.816162,46.723054,-89.886372
1.412021,1305.429999,0.37516,262.816162,46.707628,-89.886462
1.414886,1305.541003,0.37516,262.816162,46.692179,-89.886551
1.41775,1305.709997,0.37516,262.816162,46.676705,-89.88664
1.420614,1305.680001,0.37516,262.816162,46.661206,-89.88673
1.423478,1305.470004,0.37516,262.816162,46.645684,-89.886819
1.426342,1305.280744,0.37516,262.816162,46.630136,-89.886908
1.429206,1305.110003,0.37516,262.816162,46.614564,-89.886998
1.432071,1304.981067,0.37516,262.816162,46.598968,-89.887087
1.434935,1304.890904,0.37516,262.816162,46.583346,-89.887176
1.437799,1304.810002,0.37516,262.816162,46.5677,-89.887265
1.440663,1304.760001,0.37516,262.816162,46.55203,-89.887355
1.443527,1304.710909,0.37516,262.816162,46.536334,-89.887444
1.446391,1304.670001,0.37516,262.816162,46.520613,-89.887533
1.449255,1304.630001,0.37516,262.816162,46.504868,-89.887623
1.45212,1304.600001,0.37516,262.816162,46.489097,-89.887712
1.454984,1304.570001,0.37516,262.816162,46.473302,-89.887801
1.457848,1304.56,0.37516,262.816162,46.457481,-89.88789
1.460712,1304.55,0.36272,262.816162,46.441635,-89.88798
1.463576,1304.55,0.36272,262.816162,46.425763,-89.888069
1.46644,1304.56,0.38284,262.816162,46.409867,-89.888158
1.469304,1304.571215,0.38284,262.816162,46.393945,-89.888247
1.472169,1304.59,0.38284,262.816162,46.377997,-89.888336
1.475033,1304.61,0.38284,262.816162,46.362024,-89.888426
1.477897,1304.639999,0.38284,262.816162,46.346026,-89.888515
1.480761,1304.69292,0.38284,262.816162,46.330002,-89.888604
1.483625,1304.762247,0.38284,262.816162,46.313952,-89.888693
1.486489,1304.862458,0.38284,262.816162,46.297877,-89.888782
1.489354,1304.989997,0.38284,262.816162,46.281775,-89.888871
1.492218,1305.149996,0.38284,262.816162,46.265648,-89.88896
1.495082,1305.339995,0.38284,262.816162,46.249495,-89.88905
1.497946,1305.569995,0.38284,262.816162,46.233316,-89.889139
1.50081,1305.839994,0.38284,262.816162,46.217111,-89.889228
1.503674,1306.032673,0.38284,262.816162,46.20088,-89.889317
1.506538,1306.149997,0.38284,262.816162,46.184623,-89.889406
1.509403,1306.263797,0.38284,262.816162,46.168339,-89.889495
1.512267,1306.341867,0.38284,262.816162,46.15203,-89.889584
1.515131,1306.585507,0.38284,262.816162,46.135694,-89.889673
1.517995,1306.799995,0.38284,262.816162,46.119331,-89.889762
1.520859,1307.039994,0.38284,262.816162,46.102942,-89.889851
1.523723,1307.299993,0.38284,262.816162,46.086527,-89.88994
1.526587,1307.594495,0.37192,245.24826,46.070085,-89.890029
1.529452,1307.809994,0.37192,245.24826,46.053616,-89.890118
1.532316,1307.681576,0.37192,245.24826,46.037121,-89.890207
1.53518,1307.531092,0.37192,245.24826,46.020599,-89.890296
1.538044,1307.452195,0.37192,245.24826,46.00405,-89.890385
1.540908,1307.400001,0.37192,245.24826,45.987474,-89.890474
1.543772,1307.40223,0.37192,245.24826,45.970871,-89.890563
1.546636,1307.280003,0.37192,245.24826,45.954241,-89.890652
1.549501,1306.98351,0.37192,245.24826,45.937584,-89.890741
1.552365,1306.601584,0.37192,245.24826,45.9209,-89.89083
1.555229,1306.200756,0.37192,245.24826,45.904189,-89.890919
1.558093,1305.83001,0.37192,245.24826,45.88745,-89.891008
1.560957,1305.482626,0.37192,245.24826,45.870685,-89.891097
1.563821,1305.150009,0.37192,245.24826,45.853891,-89.891186
1.566686,1304.830009,0.37192,245.24826,45.837071,-89.891275
1.56955,1304.510009,0.37192,245.24826,45.820223,-89.891363
1.572414,1304.170009,0.37192,245.24826,45.803347,-89.891452
1.575278,1303.82001,0.37192,245.24826,45.786443,-89.891541
1.578142,1303.420011,0.37192,245.24826,45.769512,-89.89163
1.581006,1302.970733,0.37192,245.24826,45.752553,-89.891719
1.58387,1302.540012,0.37192,245.24826,45.735566,-89.891808
1.586735,1302.18001,0.37192,245.24826,45.718552,-89.891897
1.589599,1301.940007,0.37192,245.24826,45.701509,-89.891985
1.592463,1301.780005,0.38884,245.24826,45.684438,-89.892074
1.595327,1301.721169,0.38884,245.24826,45.667339,-89.892163
1.598191,1301.770486,0.38884,245.24826,45.650212,-89.892252
1.601055,1301.809999,0.38884,245.24826,45.633057,-89.892341
1.603919,1301.851645,0.38884,245.24826,45.615873,-89.892429
1.606784,1301.869999,0.38884,245.24826,45.598661,-89.892518
1.609648,1301.889999,0.33884,245.24826,45.581421,-89.892607
1.612512,1301.891102,0.33884,245.24826,45.564152,-89.892696
1.615376,1301.929999,0.33884,245.24826,45.546854,-89.892784
1.61824,1302.109995,0.33884,245.24826,45.529528,-89.892873
1.621104,1302.389992,0.33884,245.24826,45.512173,-89.892962
1.623968,1302.659992,0.33884,245.24826,45.494789,-89.89305
1.626833,1302.849994,0.33884,245.24826,45.477377,-89.893139
1.629697,1302.980639,0.33884,245.24826,45.459935,-89.893228
1.632561,1303.019999,0.33884,245.24826,45.442465,-89.893316
1.635425,1302.940002,0.33884,245.24826,45.424965,-89.893405
1.638289,1302.752515,0.33884,245.24826,45.407436,-89.893494
1.641153,1302.53109,0.33884,245.24826,45.389878,-89.893582
1.644018,1302.470002,0.33884,245.24826,45.372291,-89.893671
1.646882,1302.759991,0.33884,245.24826,45.354675,-89.89376
1.649746,1303.001026,0.33884,245.24826,45.337029,-89.893848
1.65261,1303.079997,0.33884,245.24826,45.319353,-89.893937
1.655474,1303.012458,0.33884,245.24826,45.301648,-89.894025
1.658338,1302.930003,0.38596,245.24826,45.283914,-89.894114
1.661202,1302.882407,0.38596,245.24826,45.26615,-89.894203
1.664067,1302.860001,0.38596,245.24826,45.248356,-89.894291
1.666931,1302.864022,0.38596,245.24826,45.230532,-89.89438
1.669795,1302.760003,0.38596,245.24826,45.212678,-89.894468
1.672659,1302.660003,0.38596,245.24826,45.194794,-89.894557
1.675523,1302.562477,0.38596,245.24826,45.17688,-89.894645
1.678387,1302.460003,0.38596,245.24826,45.158936,-89.894734
1.681251,1302.380003,0.38596,245.24826,45.140962,-89.894822
1.684116,1302.330002,0.38596,245.24826,45.122958,-89.894911
1.68698,1302.280002,0.38596,245.24826,45.104923,-89.894999
1.689844,1302.240001,0.38596,245.24826,45.086858,-89.895088
1.692708,1302.200001,0.38596,245.24826,45.068762,-89.895176
1.695572,1302.160001,0.38596,245.24826,45.050636,-89.895265
1.698436,1302.12122,0.38596,245.24826,45.032479,-89.895353
1.701301,1302.090001,0.38596,245.24826,45.014291,-89.895442
1.704165,1302.060001,0.38596,245.24826,44.996073,-89.89553
1.707029,1302.041766,0.38596,245.24826,44.977824,-89.895618
1.709893,1302.02158,0.38596,245.24826,44.959544,-89.895707
1.712757,1302.001282,0.38596,245.24826,44.941232,-89.895795
1.715621,1301.970001,0.38596,245.24826,44.92289,-89.895883
1.718485,1301.900002,0.38596,245.24826,44.904517,-89.895972
1.72135,1301.800003,0.38596,245.24826,44.886112,-89.89606
1.724214,1301.670005,0.389,245.24826,44.867676,-89.896149
1.727078,1301.510006,0.389,245.24826,44.849209,-89.896237
1.729942,1301.341891,0.389,245.24826,44.83071,-89.896325
1.732806,1301.160006,0.389,245.24826,44.812179,-89.896413
1.73567,1300.970007,0.389,245.24826,44.793617,-89.896502
1.738534,1300.800006,0.389,245.24826,44.775024,-89.89659
1.741399,1300.650005,0.389,245.24826,44.756398,-89.896678
1.744263,1300.541289,0.389,245.24826,44.737741,-89.896767
1.747127,1300.460003,0.389,245.24826,44.719052,-89.896855
1.749991,1300.400002,0.389,245.24826,44.70033,-89.896943
1.752855,1300.340002,0.389,245.24826,44.681577,-89.897031
1.755719,1300.280002,0.39984,245.24826,44.662792,-89.89712
1.758583,1300.190003,0.39984,245.24826,44.643974,-89.897208
1.761448,1300.060005,0.39984,245.24826,44.625124,-89.897296
1.764312,1299.89162,0.39984,245.24826,44.606241,-89.897384
1.767176,1299.750005,0.39984,245.24826,44.587326,-89.897472
1.77004,1299.630004,0.39984,245.24826,44.568379,-89.89756
1.772904,1299.560003,0.39984,245.24826,44.549399,-89.897649
1.775768,1299.480003,0.39984,245.24826,44.530386,-89.897737
1.778633,1299.380004,0.39984,245.24826,44.51134,-89.897825
1.781497,1299.240005,0.39984,245.24826,44.492261,-89.897913
1.784361,1299.050007,0.39984,245.24826,44.47315,-89.898001
1.787225,1298.840008,0.39984,245.24826,44.454005,-89.898089
1.790089,1298.610009,0.39552,245.191605,44.434828,-89.898177
1.792953,1298.36001,0.39552,245.191605,44.415617,-89.898265
1.795817,1298.10001,0.39552,245.191605,44.396373,-89.898353
1.798682,1297.83001,0.39552,245.191605,44.377095,-89.898442
1.801546,1297.540011,0.39552,245.191605,44.357784,-89.89853
1.80441,1297.260011,0.39552,245.191605,44.33844,-89.898618
1.807274,1296.971394,0.39552,245.191605,44.319061,-89.898706
1.810138,1296.650012,0.39552,245.191605,44.299649,-89.898794
1.813002,1296.280015,0.39552,245.191605,44.280204,-89.898882
1.815866,1295.830018,0.39552,245.191605,44.260724,-89.89897
1.818731,1295.321152,0.39552,245.191605,44.241211,-89.899058
1.821595,1294.830019,0.39552,245.191605,44.221663,-89.899145
1.824459,1294.440016,0.39552,245.191605,44.202082,-89.899233
1.827323,1294.240008,0.39552,245.191605,44.182466,-89.899321
1.830187,1294.181091,0.39552,245.191605,44.162816,-89.899409
1.833051,1294.061327,0.39552,245.191605,44.143131,-89.899497
1.835915,1293.910006,0.39552,245.191605,44.123412,-89.899585
1.83878,1293.780005,0.39552,245.191605,44.103659,-89.899673
1.841644,1293.660005,0.39552,245.191605,44.08387,-89.899761
1.844508,1293.540005,0.39552,245.191605,44.064048,-89.899849
1.847372,1293.400905,0.39552,245.191605,44.04419,-89.899937
1.850236,1293.260006,0.39552,245.191605,44.024297,-89.900024
1.8531,1293.110006,0.39552,245.191605,44.00437,-89.900112
1.855965,1292.930007,0.4024,245.191605,43.984407,-89.9002
1.858829,1292.730008,0.4024,245.191605,43.964409,-89.900288
1.861693,1292.550007,0.4024,245.191605,43.944376,-89.900376
1.864557,1292.360008,0.4024,245.191605,43.924308,-89.900463
1.867421,1292.140009,0.4024,245.191605,43.904204,-89.900551
1.870285,1291.930009,0.4024,245.191605,43.884065,-89.900639
1.873149,1291.710009,0.4024,245.191605,43.86389,-89.900727
1.876014,1291.500009,0.4024,245.191605,43.843679,-89.900814
1.878878,1291.280009,0.4024,245.191605,43.823433,-89.900902
1.881742,1291.040612,0.4024,245.191605,43.80315,-89.90099
1.884606,1290.80001,0.4024,245.191605,43.782832,-89.901078
1.88747,1290.580009,0.4024,245.191605,43.762478,-89.901165
1.890334,1290.450006,0.4024,245.191605,43.742087,-89.901253
1.893198,1290.320006,0.4024,245.191605,43.721661,-89.901341
1.896063,1290.180006,0.4024,245.191605,43.701198,-89.901428
1.898927,1290.030007,0.4024,245.191605,43.680698,-89.901516
1.901791,1289.860007,0.34548,257.871185,43.660162,-89.901603
1.904655,1289.680008,0.34548,257.871185,43.63959,-89.901691
1.907519,1289.490008,0.34548,257.871185,43.618981,-89.901779
1.910383,1289.300008,0.34548,257.871185,43.598335,-89.901866
1.913248,1289.100009,0.34548,257.871185,43.577652,-89.901954
1.916112,1288.860011,0.34548,257.871185,43.556932,-89.902041
1.918976,1288.590743,0.34548,257.871185,43.536175,-89.902129
1.92184,1288.300467,0.37492,257.871185,43.515381,-89.902216
1.924704,1287.970015,0.37492,257.871185,43.49455,-89.902304
1.927568,1287.650014,0.37492,257.871185,43.473681,-89.902391
1.930432,1287.350014,0.37492,257.871185,43.452775,-89.902479
1.933297,1287.140283,0.37492,257.871185,43.431831,-89.902566
1.936161,1287.000006,0.37492,257.871185,43.41085,-89.902654
1.939025,1286.900005,0.37492,257.871185,43.389831,-89.902741
1.941889,1286.820004,0.37492,257.871185,43.368774,-89.902829
1.944753,1286.750003,0.37492,257.871185,43.347679,-89.902916
1.947617,1286.660004,0.37492,257.871185,43.326546,-89.903004
1.950481,1286.550005,0.37492,257.871185,43.305375,-89.903091
1.953346,1286.42059,0.37492,257.871185,43.284166,-89.903178
1.95621,1286.280006,0.37492,257.871185,43.262918,-89.903266
1.959074,1286.170005,0.37492,257.871185,43.241633,-89.903353
1.961938,1286.070973,0.37492,257.871185,43.220308,-89.90344
1.964802,1285.990563,0.37492,257.871185,43.198945,-89.903528
1.967666,1285.920003,0.37492,257.871185,43.177543,-89.903615
1.97053,1285.860003,0.37492,257.871185,43.156103,-89.903702
1.973395,1285.800003,0.37492,257.871185,43.134623,-89.90379
1.976259,1285.730003,0.37492,257.871185,43.113105,-89.903877
1.979123,1285.690002,0.37492,257.871185,43.091547,-89.903964
1.981987,1285.660001,0.37492,257.871185,43.069951,-89.904051
1.984851,1285.630001,0.37492,257.871185,43.048315,-89.904139
1.987715,1285.62,0.3886,257.871185,43.026639,-89.904226
1.99058,1285.620814,0.3886,257.871185,43.004924,-89.904313
1.993444,1285.62,0.3886,257.871185,42.983169,-89.9044
1.996308,1285.640434,0.3886,257.871185,42.961375,-89.904487
1.999172,1285.669999,0.3886,257.871185,42.939541,-89.904575
2.002036,1285.719998,0.3886,257.871185,42.917667,-89.904662
2.0049,1285.779997,0.3886,257.871185,42.895753,-89.904749
2.004904,1285.780101,0.3886,257.871185,42.895724,-89.904749