position,TerrainSlope,lon,lat
0,12.358649,44.095227,-89.696336
0.001,12.239684,44.099623,-89.696313
0.002,12.190849,44.104018,-89.696289
0.003,12.078417,44.108412,-89.696266
0.004,11.846879,44.112806,-89.696243
0.005,11.898765,44.117199,-89.696219
0.006,12.066959,44.121591,-89.696196
0.007,12.119566,44.125983,-89.696173
0.008,12.217138,44.130374,-89.696149
0.009,12.365205,44.134764,-89.696126
0.01,12.522814,44.139154,-89.696103
0.011,12.744581,44.143543,-89.696079
0.012,12.999502,44.147931,-89.696056
0.013,13.372051,44.152319,-89.696032
0.014,13.873369,44.156706,-89.696009
0.015,14.380667,44.161092,-89.695986
0.016,14.883832,44.165478,-89.695962
0.017,15.383512,44.169863,-89.695939
0.018,15.886617,44.174247,-89.695916
0.019,16.430753,44.178631,-89.695892
0.02,16.865227,44.183014,-89.695869
0.021,16.94136,44.187396,-89.695845
0.022,16.787133,44.191777,-89.695822
0.023,16.614933,44.196158,-89.695799
0.024,16.460415,44.200539,-89.695775
0.025,16.307299,44.204918,-89.695752
0.026,16.221646,44.209297,-89.695729
0.027,16.225107,44.213675,-89.695705
0.028,16.223729,44.218053,-89.695682
0.029,16.112797,44.22243,-89.695658
0.03,15.927389,44.226806,-89.695635
0.031,15.789582,44.231181,-89.695612
0.032,15.787324,44.235556,-89.695588
0.033,15.699752,44.23993,-89.695565
0.034,15.566123,44.244304,-89.695541
0.035,15.566123,44.248677,-89.695518
0.036,15.566123,44.253049,-89.695495
0.037,15.604538,44.25742,-89.695471
0.038,15.724538,44.261791,-89.695448
0.039,15.719978,44.266161,-89.695424
0.04,15.635426,44.270531,-89.695401
0.041,15.762066,44.2749,-89.695378
0.042,15.807603,44.279268,-89.695354
0.043,15.821638,44.283635,-89.695331
0.044,15.722441,44.288002,-89.695307
0.045,15.314706,44.292368,-89.695284
0.046,14.935794,44.296733,-89.695261
0.047,14.592586,44.301098,-89.695237
0.048,14.268524,44.305462,-89.695214
0.049,13.968941,44.309826,-89.69519
0.05,13.675235,44.314188,-89.695167
0.051,13.467837,44.318551,-89.695143
0.052,13.184964,44.322912,-89.69512
0.053,12.8543,44.327273,-89.695097
0.054,12.656221,44.331633,-89.695073
0.055,12.49884,44.335992,-89.69505
0.056,12.362587,44.340351,-89.695026
0.057,12.163719,44.344709,-89.695003
0.058,11.964962,44.349066,-89.694979
0.059,11.825836,44.353423,-89.694956
0.06,11.681212,44.357779,-89.694932
0.061,11.544905,44.362135,-89.694909
0.062,11.399771,44.366489,-89.694886
0.063,11.275098,44.370843,-89.694862
0.064,11.180034,44.375197,-89.694839
0.065,11.19791,44.379549,-89.694815
0.066,11.409047,44.383901,-89.694792
0.067,11.671638,44.388253,-89.694768
0.068,11.80359,44.392604,-89.694745
0.069,11.809891,44.396954,-89.694721
0.07,11.789318,44.401303,-89.694698
0.071,11.752261,44.405652,-89.694674
0.072,11.825946,44.41,-89.694651
0.073,11.890978,44.414347,-89.694628
0.074,11.878385,44.418694,-89.694604
0.075,11.796303,44.42304,-89.694581
0.076,11.663191,44.427385,-89.694557
0.077,11.598551,44.43173,-89.694534
0.078,11.662713,44.436074,-89.69451
0.079,11.723348,44.440417,-89.694487
0.08,11.702411,44.44476,-89.694463
0.081,11.579234,44.449102,-89.69444
0.082,11.362905,44.453443,-89.694416
0.083,11.066003,44.457784,-89.694393
0.084,10.931063,44.462124,-89.694369
0.085,11.164252,44.466463,-89.694346
0.086,11.526268,44.470802,-89.694322
0.087,11.700254,44.47514,-89.694299
0.088,11.915164,44.479477,-89.694275
0.089,12.105196,44.483814,-89.694252
0.09,12.24124,44.48815,-89.694228
0.091,12.254988,44.492485,-89.694205
0.092,12.260716,44.49682,-89.694181
0.093,12.254988,44.501154,-89.694158
0.094,12.204052,44.505487,-89.694134
0.095,12.297021,44.50982,-89.694111
0.096,12.380215,44.514152,-89.694087
0.097,12.246882,44.518484,-89.694064
0.098,12.066519,44.522814,-89.69404
0.099,12.019449,44.527144,-89.694017
0.1,12.136145,44.531474,-89.693993
0.101,12.131862,44.535802,-89.69397
0.102,12.004541,44.54013,-89.693946
0.103,11.962634,44.544458,-89.693923
0.104,11.960349,44.548784,-89.693899
0.105,12.144068,44.55311,-89.693876
0.106,12.419344,44.557436,-89.693852
0.107,12.460853,44.561761,-89.693829
0.108,12.499027,44.566085,-89.693805
0.109,12.623803,44.570408,-89.693782
0.11,12.891231,44.574731,-89.693758
0.111,13.27067,44.579053,-89.693734
0.112,13.690568,44.583374,-89.693711
0.113,14.030204,44.587695,-89.693687
0.114,13.588145,44.592015,-89.693664
0.115,13.195021,44.596334,-89.69364
0.116,12.92456,44.600653,-89.693617
0.117,12.138507,44.604971,-89.693593
0.118,11.357083,44.609288,-89.69357
0.119,10.40087,44.613605,-89.693546
0.12,9.629586,44.617921,-89.693523
0.121,9.330496,44.622237,-89.693499
0.122,9.181983,44.626551,-89.693475
0.123,9.055108,44.630865,-89.693452
0.124,8.969615,44.635179,-89.693428
0.125,8.950559,44.639492,-89.693405
0.126,8.954995,44.643804,-89.693381
0.127,9.022906,44.648115,-89.693358
0.128,9.09464,44.652426,-89.693334
0.129,9.09464,44.656736,-89.693311
0.13,9.090277,44.661045,-89.693287
0.131,9.089843,44.665354,-89.693263
0.132,9.020706,44.669662,-89.69324
0.133,8.880161,44.67397,-89.693216
0.134,8.811861,44.678277,-89.693193
0.135,8.820879,44.682583,-89.693169
0.136,8.820879,44.686888,-89.693146
0.137,8.744245,44.691193,-89.693122
0.138,8.544669,44.695497,-89.693098
0.139,8.356695,44.699801,-89.693075
0.14,8.293105,44.704104,-89.693051
0.141,8.231619,44.708406,-89.693028
0.142,8.108132,44.712707,-89.693004
0.143,7.971549,44.717008,-89.69298
0.144,7.816979,44.721308,-89.692957
0.145,7.752432,44.725608,-89.692933
0.146,7.769288,44.729907,-89.69291
0.147,7.691703,44.734205,-89.692886
0.148,7.551818,44.738502,-89.692862
0.149,7.454777,44.742799,-89.692839
0.15,7.409141,44.747095,-89.692815
0.151,7.400463,44.751391,-89.692792
0.152,7.335694,44.755686,-89.692768
0.153,7.1945,44.75998,-89.692744
0.154,7.34775,44.764274,-89.692721
0.155,8.833253,44.768567,-89.692697
0.156,10.061032,44.772859,-89.692674
0.157,10.18496,44.77715,-89.69265
0.158,10.387651,44.781441,-89.692626
0.159,10.669858,44.785732,-89.692603
0.16,11.137175,44.790021,-89.692579
0.161,11.52004,44.79431,-89.692556
0.162,11.633364,44.798599,-89.692532
0.163,11.852019,44.802886,-89.692508
0.164,12.166541,44.807173,-89.692485
0.165,12.298197,44.81146,-89.692461
0.166,12.605049,44.815745,-89.692437
0.167,12.914624,44.82003,-89.692414
0.168,13.173099,44.824315,-89.69239
0.169,13.419395,44.828598,-89.692367
0.17,13.619531,44.832881,-89.692343
0.171,14.199609,44.837164,-89.692319
0.172,14.879904,44.841445,-89.692296
0.173,15.383453,44.845726,-89.692272
0.174,15.235557,44.850007,-89.692248
0.175,14.780717,44.854287,-89.692225
0.176,14.608035,44.858566,-89.692201
0.177,14.494003,44.862844,-89.692177
0.178,14.417565,44.867122,-89.692154
0.179,14.474803,44.871399,-89.69213
0.18,14.738978,44.875676,-89.692106
0.181,15.045948,44.879951,-89.692083
0.182,15.343865,44.884226,-89.692059
0.183,15.737072,44.888501,-89.692035
0.184,16.294963,44.892775,-89.692012
0.185,17.156882,44.897048,-89.691988
0.186,17.500708,44.90132,-89.691964
0.187,17.266874,44.905592,-89.691941
0.188,17.120032,44.909864,-89.691917
0.189,16.863064,44.914134,-89.691893
0.19,16.510993,44.918404,-89.69187
0.191,16.327298,44.922673,-89.691846
0.192,16.364246,44.926942,-89.691822
0.193,16.364679,44.93121,-89.691799
0.194,16.14137,44.935477,-89.691775
0.195,15.782027,44.939744,-89.691751
0.195398,15.677996,44.941442,-89.691742
0.196398,14.293226,44.937021,-89.691719
0.197398,13.648593,44.932601,-89.691696
0.198398,13.776863,44.928182,-89.691673
0.199398,13.693705,44.923763,-89.691651
0.200398,13.529044,44.919345,-89.691628
0.201398,13.31159,44.914927,-89.691605
0.202398,13.097878,44.910511,-89.691582
0.203398,13.063691,44.906094,-89.691559
0.204398,13.026841,44.901679,-89.691536
0.205398,13.127747,44.897264,-89.691513
0.206398,13.781831,44.89285,-89.691491
0.207398,14.025505,44.888436,-89.691468
0.208398,13.879931,44.884023,-89.691445
0.209398,14.047718,44.879611,-89.691422
0.210398,13.565708,44.8752,-89.691399
0.211398,12.143313,44.870789,-89.691376
0.212398,11.05475,44.866378,-89.691353
0.213398,10.96615,44.861969,-89.691331
0.214398,10.96472,44.85756,-89.691308
0.215398,11.01333,44.853151,-89.691285
0.216398,10.965953,44.848744,-89.691262
0.217398,10.704197,44.844337,-89.691239
0.218398,10.628515,44.83993,-89.691216
0.219398,10.584651,44.835525,-89.691193
0.220398,10.821802,44.83112,-89.69117
0.221398,11.375598,44.826715,-89.691147
0.222398,11.719248,44.822311,-89.691125
0.223398,11.780589,44.817908,-89.691102
0.224398,11.89498,44.813506,-89.691079
0.225398,11.981013,44.809104,-89.691056
0.226398,11.669741,44.804703,-89.691033
0.227398,11.576691,44.800303,-89.69101
0.228398,11.790479,44.795903,-89.690987
0.229398,11.747503,44.791504,-89.690964
0.230398,11.571373,44.787105,-89.690941
0.231398,11.092177,44.782707,-89.690918
0.232398,10.825718,44.77831,-89.690896
0.233398,10.915789,44.773913,-89.690873
0.234398,10.826623,44.769517,-89.69085
0.235398,10.611766,44.765122,-89.690827
0.236398,10.433898,44.760728,-89.690804
0.237398,10.214838,44.756334,-89.690781
0.238398,10.185563,44.75194,-89.690758
0.239398,10.2599,44.747548,-89.690735
0.240398,11.094074,44.743156,-89.690712
0.241398,13.373936,44.738764,-89.690689
0.242398,14.748195,44.734374,-89.690666
0.243398,14.832232,44.729983,-89.690643
0.244398,14.832335,44.725594,-89.690621
0.245398,15.043341,44.721205,-89.690598
0.246398,15.697336,44.716817,-89.690575
0.247398,15.960976,44.71243,-89.690552
0.248398,15.907864,44.708043,-89.690529
0.249398,15.768555,44.703657,-89.690506
0.250398,15.243856,44.699271,-89.690483
0.251398,14.03114,44.694886,-89.69046
0.252398,13.291112,44.690502,-89.690437
0.253398,13.320434,44.686119,-89.690414
0.254398,13.216736,44.681736,-89.690391
0.255398,13.139232,44.677354,-89.690368
0.256398,13.061406,44.672972,-89.690345
0.257398,12.981216,44.668591,-89.690322
0.258398,12.981755,44.664211,-89.690299
0.259398,12.962624,44.659831,-89.690276
0.260398,13.406375,44.655452,-89.690253
0.261398,14.986973,44.651074,-89.69023
0.262398,16.015905,44.646696,-89.690207
0.263398,15.916321,44.642319,-89.690184
0.264398,15.78422,44.637942,-89.690162
0.265398,16.1947,44.633567,-89.690139
0.266398,17.1391,44.629192,-89.690116
0.267398,17.606466,44.624817,-89.690093
0.268398,17.54936,44.620443,-89.69007
0.269398,17.548668,44.61607,-89.690047
0.270398,17.231028,44.611698,-89.690024
0.271398,16.049461,44.607326,-89.690001
0.272398,15.242073,44.602954,-89.689978
0.273398,15.170828,44.598584,-89.689955
0.274398,15.290323,44.594214,-89.689932
0.275398,15.004852,44.589845,-89.689909
0.276398,14.122267,44.585476,-89.689886
0.277398,13.577227,44.581108,-89.689863
0.278398,13.571471,44.576741,-89.68984
0.279398,13.698339,44.572374,-89.689817
0.280398,13.498463,44.568008,-89.689794
0.281398,13.091768,44.563643,-89.689771
0.282398,12.889434,44.559278,-89.689748
0.283398,12.965817,44.554914,-89.689725
0.284398,13.043382,44.55055,-89.689702
0.285398,13.114638,44.546188,-89.689679
0.286398,13.655516,44.541825,-89.689656
0.287398,14.060227,44.537464,-89.689633
0.288398,13.92434,44.533103,-89.68961
0.289398,13.863772,44.528743,-89.689587
0.290398,13.25721,44.524383,-89.689564
0.291398,11.334777,44.520024,-89.689541
0.292398,10.079775,44.515666,-89.689518
0.293398,10.205442,44.511308,-89.689495
0.294398,10.202925,44.506951,-89.689472
0.295398,9.927165,44.502595,-89.689449
0.296398,10.007639,44.498239,-89.689426
0.297398,9.940687,44.493884,-89.689403
0.298398,9.873956,44.48953,-89.68938
0.299398,9.961085,44.485176,-89.689357
0.300398,10.051425,44.480823,-89.689334
0.301398,10.478776,44.476471,-89.68931
0.302398,10.847742,44.472119,-89.689287
0.303398,10.744526,44.467768,-89.689264
0.304398,10.661604,44.463417,-89.689241
0.305398,11.116162,44.459067,-89.689218
0.306398,11.580102,44.454718,-89.689195
0.307398,11.912831,44.450369,-89.689172
0.308398,12.031388,44.446021,-89.689149
0.309398,12.066526,44.441674,-89.689126
0.310398,12.976943,44.437327,-89.689103
0.311398,14.942602,44.432981,-89.68908
0.312398,16.048015,44.428636,-89.689057
0.313398,16.031546,44.424291,-89.689034
0.314398,15.965436,44.419947,-89.689011
0.315398,16.054971,44.415604,-89.688988
0.316398,16.668798,44.411261,-89.688965
0.317398,17.038014,44.406919,-89.688942
0.318398,17.040161,44.402577,-89.688919
0.319398,17.14314,44.398236,-89.688896
0.320398,17.64997,44.393896,-89.688872
0.321398,19.070909,44.389557,-89.688849
0.322398,19.968491,44.385218,-89.688826
0.323398,20.065691,44.380879,-89.688803
0.324398,20.176749,44.376542,-89.68878
0.325398,18.990161,44.372205,-89.688757
0.326398,15.591851,44.367868,-89.688734
0.327398,13.430989,44.363533,-89.688711
0.328398,13.383842,44.359197,-89.688688
0.329398,13.261356,44.354863,-89.688665
0.330398,13.371106,44.350529,-89.688642
0.331398,13.913137,44.346196,-89.688619
0.332398,14.307462,44.341864,-89.688596
0.333398,14.337615,44.337532,-89.688572
0.334398,14.418042,44.333201,-89.688549
0.335398,13.941652,44.32887,-89.688526
0.336398,12.950062,44.32454,-89.688503
0.337398,12.335066,44.320211,-89.68848
0.338398,12.195364,44.315882,-89.688457
0.339398,12.205031,44.311554,-89.688434
0.340398,12.346117,44.307227,-89.688411
0.341398,12.508094,44.3029,-89.688388
0.342398,12.417108,44.298574,-89.688365
0.343398,12.401635,44.294248,-89.688341
0.344398,12.472478,44.289924,-89.688318
0.345398,12.621838,44.285599,-89.688295
0.346398,12.972316,44.281276,-89.688272
0.347398,13.268016,44.276953,-89.688249
0.348398,13.36727,44.272631,-89.688226
0.348479,13.375408,44.272282,-89.688224
0.349479,14.079307,44.268094,-89.688248
0.350479,14.251697,44.263904,-89.688272
0.351479,14.376868,44.259715,-89.688296
0.352479,14.580649,44.255524,-89.688319
0.353479,14.84495,44.251333,-89.688343
0.354479,15.04297,44.247142,-89.688367
0.355479,15.178907,44.242949,-89.688391
0.356479,15.386047,44.238756,-89.688415
0.357479,15.58775,44.234563,-89.688438
0.358479,15.651775,44.230368,-89.688462
0.359479,15.716641,44.226173,-89.688486
0.360479,15.847925,44.221978,-89.68851
0.361479,15.916845,44.217782,-89.688534
0.362479,15.916845,44.213585,-89.688558
0.363479,15.916845,44.209388,-89.688581
0.364479,15.977001,44.205189,-89.688605
0.365479,16.039469,44.200991,-89.688629
0.366479,15.975475,44.196791,-89.688653
0.367479,15.910154,44.192591,-89.688677
0.368479,15.909876,44.188391,-89.6887
0.369479,15.973999,44.184189,-89.688724
0.370479,16.104728,44.179987,-89.688748
0.371479,16.238867,44.175785,-89.688772
0.372479,16.371346,44.171582,-89.688796
0.373479,16.498638,44.167378,-89.688819
0.374479,16.448079,44.163173,-89.688843
0.375479,16.111618,44.158968,-89.688867
0.376479,15.437952,44.154762,-89.688891
0.377479,14.38052,44.150556,-89.688915
0.378479,13.344349,44.146349,-89.688938
0.379479,12.083785,44.142141,-89.688962
0.380479,11.240554,44.137932,-89.688986
0.381479,11.375819,44.133723,-89.68901
0.382479,11.511753,44.129514,-89.689033
0.383479,11.705675,44.125303,-89.689057
0.384479,11.940124,44.121092,-89.689081
0.385479,12.120101,44.116881,-89.689105
0.386479,12.15355,44.112669,-89.689129
0.387479,12.096532,44.108456,-89.689152
0.388479,12.066809,44.104242,-89.689176
0.389479,11.978157,44.100028,-89.6892
0.390479,11.939752,44.095813,-89.689224
0.391479,12.138042,44.091598,-89.689247
0.392479,12.483143,44.087382,-89.689271
0.393479,12.826839,44.083165,-89.689295
0.394479,13.025456,44.078947,-89.689319
0.395479,13.227422,44.074729,-89.689342
0.396479,13.498481,44.070511,-89.689366
0.397479,13.830511,44.066291,-89.68939
0.398479,14.169205,44.062071,-89.689414
0.399479,14.370695,44.057851,-89.689437
0.400479,14.573192,44.05363,-89.689461
0.401479,14.843821,44.049408,-89.689485
0.402479,15.045486,44.045185,-89.689509
0.403479,15.18022,44.040962,-89.689532
0.404479,15.378737,44.036738,-89.689556
0.405479,15.653874,44.032513,-89.68958
0.406479,15.988594,44.028288,-89.689604
0.407479,16.377515,44.024062,-89.689627
0.408479,16.708593,44.019836,-89.689651
0.409479,17.050877,44.015609,-89.689675
0.410479,17.430974,44.011381,-89.689699
0.411479,17.620185,44.007153,-89.689722
0.412479,17.6009,44.002924,-89.689746
0.413479,17.617566,43.998694,-89.68977
0.414479,17.574185,43.994464,-89.689794
0.415479,17.510714,43.990233,-89.689817
0.416479,17.378364,43.986001,-89.689841
0.417479,17.118276,43.981769,-89.689865
0.418479,16.98733,43.977536,-89.689888
0.419479,16.921362,43.973302,-89.689912
0.420479,16.740877,43.969068,-89.689936
0.421479,16.536279,43.964833,-89.68996
0.422479,16.345849,43.960598,-89.689983
0.423479,16.277308,43.956362,-89.690007
0.424479,16.236585,43.952125,-89.690031
0.425479,16.11351,43.947888,-89.690054
0.426479,16.00296,43.943649,-89.690078
0.427479,15.889564,43.939411,-89.690102
0.428479,15.760308,43.935171,-89.690126
0.429479,15.684624,43.930931,-89.690149
0.430479,15.64738,43.926691,-89.690173
0.431479,15.494728,43.922449,-89.690197
0.432479,15.285099,43.918207,-89.69022
0.433479,15.156614,43.913965,-89.690244
0.434479,14.994421,43.909721,-89.690268
0.435479,14.648699,43.905477,-89.690291
0.436479,14.214869,43.901233,-89.690315
0.437479,13.866615,43.896988,-89.690339
0.438479,13.594103,43.892742,-89.690362
0.439479,13.322376,43.888495,-89.690386
0.440479,13.342124,43.884248,-89.69041
0.441479,13.83367,43.88,-89.690434
0.442479,14.226669,43.875752,-89.690457
0.443479,14.482303,43.871502,-89.690481
0.444479,14.658364,43.867253,-89.690505
0.445479,14.892838,43.863002,-89.690528
0.446479,15.090102,43.858751,-89.690552
0.447479,15.214124,43.854499,-89.690576
0.448479,15.375226,43.850247,-89.690599
0.449479,15.486323,43.845994,-89.690623
0.450479,15.614171,43.84174,-89.690647
0.451479,15.735575,43.837486,-89.69067
0.452479,15.731719,43.833231,-89.690694
0.453479,15.695869,43.828975,-89.690718
0.454479,15.682935,43.824719,-89.690741
0.455479,15.69991,43.820462,-89.690765
0.456479,15.82974,43.816205,-89.690789
0.457479,15.801258,43.811946,-89.690812
0.458479,15.66696,43.807687,-89.690836
0.459479,15.656135,43.803428,-89.690859
0.460479,15.791307,43.799168,-89.690883
0.461479,15.918691,43.794907,-89.690907
0.462479,15.830352,43.790645,-89.69093
0.463479,15.751628,43.786383,-89.690954
0.464479,15.780819,43.78212,-89.690978
0.465479,15.851567,43.777857,-89.691001
0.466479,16.05441,43.773593,-89.691025
0.467479,16.22758,43.769328,-89.691049
0.468479,16.353598,43.765063,-89.691072
0.469479,16.371541,43.760797,-89.691096
0.470479,16.006927,43.75653,-89.69112
0.471479,15.554302,43.752262,-89.691143
0.472479,15.21437,43.747994,-89.691167
0.473479,14.933386,43.743726,-89.69119
0.474479,14.667629,43.739456,-89.691214
0.475479,14.401014,43.735186,-89.691238
0.476479,14.104235,43.730916,-89.691261
0.477479,13.83738,43.726644,-89.691285
0.478479,13.659774,43.722373,-89.691308
0.479479,13.494183,43.7181,-89.691332
0.480479,13.271675,43.713827,-89.691356
0.481479,12.991989,43.709553,-89.691379
0.482479,12.710112,43.705278,-89.691403
0.483479,12.435897,43.701003,-89.691427
0.484479,12.163962,43.696727,-89.69145
0.485479,11.885914,43.692451,-89.691474
0.486479,11.6697,43.688173,-89.691497
0.487479,11.457508,43.683896,-89.691521
0.488479,11.108803,43.679617,-89.691545
0.489479,10.768225,43.675338,-89.691568
0.490479,10.490597,43.671058,-89.691592
0.491479,10.205625,43.666778,-89.691615
0.492479,10.001445,43.662497,-89.691639
0.493479,9.790066,43.658215,-89.691663
0.494479,9.508881,43.653932,-89.691686
0.495479,9.371846,43.649649,-89.69171
0.496479,9.302818,43.645366,-89.691733
0.497479,9.171623,43.641081,-89.691757
0.498479,9.107717,43.636796,-89.69178
0.499479,9.09464,43.63251,-89.691804
0.500479,9.090277,43.628224,-89.691828
0.501479,9.090277,43.623937,-89.691851
0.502479,9.090277,43.619649,-89.691875
0.503479,9.090277,43.615361,-89.691898
0.504479,9.022869,43.611072,-89.691922
0.505479,8.904984,43.606783,-89.691946
0.506479,8.930137,43.602492,-89.691969
0.507479,9.082089,43.598201,-89.691993
0.508479,9.064784,43.59391,-89.692016
0.509479,8.99147,43.589617,-89.69204
0.510479,9.121228,43.585325,-89.692063
0.511479,9.198698,43.581031,-89.692087
0.512479,9.196614,43.576737,-89.69211
0.513479,9.138765,43.572442,-89.692134
0.514479,9.062865,43.568146,-89.692158
0.515479,9.112401,43.56385,-89.692181
0.516479,9.084934,43.559553,-89.692205
0.517479,9.08209,43.555256,-89.692228
0.518479,9.132398,43.550958,-89.692252
0.519479,9.079918,43.546659,-89.692275
0.520479,9.060765,43.542359,-89.692299
0.521479,9.09464,43.538059,-89.692322
0.522479,9.045167,43.533758,-89.692346
0.523479,8.912328,43.529457,-89.692369
0.524479,8.915752,43.525155,-89.692393
0.525479,9.037959,43.520852,-89.692417
0.526479,9.031909,43.516548,-89.69244
0.527479,8.985429,43.512244,-89.692464
0.528479,8.984877,43.50794,-89.692487
0.529479,8.982563,43.503634,-89.692511
0.530479,8.938798,43.499328,-89.692534
0.531479,8.856855,43.495021,-89.692558
0.532479,8.81632,43.490714,-89.692581
0.533479,8.773812,43.486406,-89.692605
0.534211,8.744347,43.483252,-89.692622
0.535211,9.321017,43.487482,-89.692646
0.536211,9.284462,43.491714,-89.69267
0.537211,9.412112,43.495945,-89.692694
0.538211,9.41259,43.500178,-89.692718
0.539211,9.41259,43.504411,-89.692742
0.540211,9.66993,43.508645,-89.692766
0.541211,9.760453,43.512879,-89.692789
0.542211,9.814881,43.517114,-89.692813
0.543211,9.814881,43.52135,-89.692837
0.544211,9.852039,43.525587,-89.692861
0.545211,9.942611,43.529824,-89.692885
0.546211,10.161483,43.534061,-89.692909
0.547211,10.161484,43.5383,-89.692933
0.548211,10.161484,43.542539,-89.692957
0.549211,10.417371,43.546779,-89.692981
0.550211,10.417371,43.551019,-89.693005
0.551211,10.417371,43.55526,-89.693029
0.552211,10.507852,43.559502,-89.693052
0.553211,10.561827,43.563744,-89.693076
0.554211,10.780474,43.567987,-89.6931
0.555211,10.997431,43.572231,-89.693124
0.556211,11.052326,43.576475,-89.693148
0.557211,11.143301,43.58072,-89.693172
0.558211,11.142855,43.584966,-89.693196
0.559211,11.305197,43.589212,-89.69322
0.560211,11.343107,43.593459,-89.693244
0.561211,11.431871,43.597707,-89.693267
0.562211,11.650339,43.601955,-89.693291
0.563211,11.612332,43.606204,-89.693315
0.564211,11.793016,43.610454,-89.693339
0.565211,12.008985,43.614704,-89.693363
0.566211,11.973898,43.618955,-89.693387
0.567211,12.154953,43.623207,-89.693411
0.568211,12.212003,43.627459,-89.693435
0.569211,12.147006,43.631712,-89.693458
0.570211,12.238445,43.635966,-89.693482
0.571211,12.238445,43.64022,-89.693506
0.572211,12.20704,43.644475,-89.69353
0.573211,12.147006,43.64873,-89.693554
0.574211,12.117949,43.652987,-89.693578
0.575211,12.117949,43.657244,-89.693602
0.576211,12.117949,43.661501,-89.693625
0.577211,12.117949,43.665759,-89.693649
0.578211,12.025481,43.670018,-89.693673
0.579211,11.718798,43.674278,-89.693697
0.580211,11.504348,43.678538,-89.693721
0.581211,11.534263,43.682799,-89.693745
0.582211,11.563562,43.687061,-89.693769
0.583211,11.53345,43.691323,-89.693792
0.584211,11.41072,43.695586,-89.693816
0.585211,11.104593,43.699849,-89.69384
0.586211,10.917207,43.704114,-89.693864
0.587211,10.977881,43.708379,-89.693888
0.588211,10.918946,43.712644,-89.693912
0.589211,10.732923,43.71691,-89.693935
0.590211,10.423493,43.721177,-89.693959
0.591211,10.331629,43.725445,-89.693983
0.592211,10.456856,43.729713,-89.694007
0.593211,10.491039,43.733982,-89.694031
0.594211,10.273092,43.738251,-89.694055
0.595211,9.895631,43.742522,-89.694078
0.596211,9.895419,43.746792,-89.694102
0.597211,9.928727,43.751064,-89.694126
0.598211,9.871375,43.755336,-89.69415
0.599211,9.906369,43.759609,-89.694174
0.600211,9.870628,43.763883,-89.694198
0.601211,9.927938,43.768157,-89.694221
0.602211,9.895744,43.772432,-89.694245
0.603211,9.803017,43.776707,-89.694269
0.604211,9.871202,43.780983,-89.694293
0.605211,9.906369,43.78526,-89.694317
0.606211,9.908668,43.789538,-89.69434
0.607211,9.907775,43.793816,-89.694364
0.608211,9.908299,43.798095,-89.694388
0.609211,10.125117,43.802374,-89.694412
0.610211,10.216491,43.806655,-89.694436
0.611211,10.216491,43.810935,-89.694459
0.612211,10.217616,43.815217,-89.694483
0.613211,10.218909,43.819499,-89.694507
0.614211,10.561827,43.823782,-89.694531
0.615211,10.870347,43.828066,-89.694555
0.616211,11.016346,43.83235,-89.694578
0.617211,10.949821,43.836635,-89.694602
0.618211,10.94982,43.84092,-89.694626
0.619211,11.257662,43.845206,-89.69465
0.620211,11.622451,43.849493,-89.694674
0.621211,11.748135,43.853781,-89.694697
0.622211,11.75556,43.858069,-89.694721
0.623211,11.911654,43.862358,-89.694745
0.624211,11.534435,43.866647,-89.694769
0.625211,11.161224,43.870938,-89.694792
0.626211,11.255243,43.875228,-89.694816
0.627211,11.278311,43.87952,-89.69484
0.628211,11.186172,43.883812,-89.694864
0.629211,11.394374,43.888105,-89.694888
0.630211,11.583868,43.892399,-89.694911
0.631211,11.446747,43.896693,-89.694935
0.632211,11.657648,43.900988,-89.694959
0.633211,11.732653,43.905283,-89.694983
0.634211,11.922067,43.90958,-89.695006
0.635211,12.226219,43.913876,-89.69503
0.636211,12.188269,43.918174,-89.695054
0.637211,12.265927,43.922472,-89.695078
0.638211,12.233433,43.926771,-89.695101
0.639211,12.188563,43.931071,-89.695125
0.640211,12.244148,43.935371,-89.695149
0.641211,12.414856,43.939672,-89.695173
0.642211,12.595228,43.943974,-89.695196
0.643211,12.570777,43.948276,-89.69522
0.644211,11.696015,43.952579,-89.695244
0.645211,10.679433,43.956882,-89.695268
0.646211,10.162452,43.961187,-89.695291
0.647211,9.84648,43.965492,-89.695315
0.648211,9.642449,43.969797,-89.695339
0.649211,9.443636,43.974103,-89.695363
0.650211,9.544347,43.97841,-89.695386
0.651211,9.360523,43.982718,-89.69541
0.652211,9.060547,43.987026,-89.695434
0.653211,9.069485,43.991335,-89.695457
0.654211,9.412064,43.995645,-89.695481
0.655211,9.543804,43.999955,-89.695505
0.656211,9.536802,44.004266,-89.695529
0.657211,9.556061,44.008578,-89.695552
0.658211,9.47505,44.01289,-89.695576
0.659211,9.83807,44.017203,-89.6956
0.660211,10.185649,44.021517,-89.695623
0.661211,10.208308,44.025831,-89.695647
0.662211,10.12218,44.030146,-89.695671
0.663211,10.211852,44.034462,-89.695695
0.664211,10.685392,44.038778,-89.695718
0.665211,10.984777,44.043095,-89.695742
0.666211,10.926135,44.047413,-89.695766
0.667211,11.072949,44.051731,-89.695789
0.668211,11.080232,44.05605,-89.695813
0.669211,11.479634,44.06037,-89.695837
0.670211,11.918819,44.064691,-89.695861
0.671211,11.902158,44.069012,-89.695884
0.672211,11.889543,44.073333,-89.695908
0.673211,11.684362,44.077656,-89.695932
0.674211,10.918252,44.081979,-89.695955
0.675211,10.293845,44.086303,-89.695979
0.676211,10.377224,44.090627,-89.696003
0.677211,10.390958,44.094952,-89.696026
0.678211,10.524285,44.099278,-89.69605
0.679211,11.010298,44.103604,-89.696074
0.680211,11.415128,44.107932,-89.696097
0.681211,11.51768,44.112259,-89.696121
0.682211,11.449953,44.116588,-89.696145
0.683211,11.583451,44.120917,-89.696168
0.683996,11.897574,44.124316,-89.696187